-- MySQL dump 10.14  Distrib 5.5.64-MariaDB, for Linux (x86_64)
--
-- Host: localhost    Database: ppgmc
-- ------------------------------------------------------
-- Server version	5.5.64-MariaDB

/*!40101 SET @OLD_CHARACTER_SET_CLIENT=@@CHARACTER_SET_CLIENT */;
/*!40101 SET @OLD_CHARACTER_SET_RESULTS=@@CHARACTER_SET_RESULTS */;
/*!40101 SET @OLD_COLLATION_CONNECTION=@@COLLATION_CONNECTION */;
/*!40101 SET NAMES utf8 */;
/*!40103 SET @OLD_TIME_ZONE=@@TIME_ZONE */;
/*!40103 SET TIME_ZONE='+00:00' */;
/*!40014 SET @OLD_UNIQUE_CHECKS=@@UNIQUE_CHECKS, UNIQUE_CHECKS=0 */;
/*!40014 SET @OLD_FOREIGN_KEY_CHECKS=@@FOREIGN_KEY_CHECKS, FOREIGN_KEY_CHECKS=0 */;
/*!40101 SET @OLD_SQL_MODE=@@SQL_MODE, SQL_MODE='NO_AUTO_VALUE_ON_ZERO' */;
/*!40111 SET @OLD_SQL_NOTES=@@SQL_NOTES, SQL_NOTES=0 */;

--
-- Table structure for table `acoes`
--

DROP TABLE IF EXISTS `acoes`;
/*!40101 SET @saved_cs_client     = @@character_set_client */;
/*!40101 SET character_set_client = utf8 */;
CREATE TABLE `acoes` (
  `id` bigint(20) unsigned NOT NULL AUTO_INCREMENT,
  `tipo` tinyint(4) NOT NULL,
  `caminho_img` varchar(191) COLLATE utf8mb4_unicode_ci NOT NULL,
  `titulo` varchar(191) COLLATE utf8mb4_unicode_ci NOT NULL,
  `texto` text COLLATE utf8mb4_unicode_ci NOT NULL,
  `links` varchar(191) COLLATE utf8mb4_unicode_ci NOT NULL,
  PRIMARY KEY (`id`)
) ENGINE=InnoDB AUTO_INCREMENT=5 DEFAULT CHARSET=utf8mb4 COLLATE=utf8mb4_unicode_ci;
/*!40101 SET character_set_client = @saved_cs_client */;

--
-- Dumping data for table `acoes`
--

LOCK TABLES `acoes` WRITE;
/*!40000 ALTER TABLE `acoes` DISABLE KEYS */;
INSERT INTO `acoes` VALUES (1,1,'/storage/acoes/1.jpg','Título 11','Lorem ipsum dolor sit amet, consectetur adipiscing elit. Curabitur laoreet molestie risus at vulputate. Nulla facilisi. Sed sed euismod elit, accumsan tempus ipsum. Morbi dignissim ullamcorper condimentum. Nunc ullamcorper semper faucibus. Donec auctor, massa sit amet elementum consectetur, orci leo posuere neque, sit amet pulvinar sem enim non metus. Cras diam nisi, convallis quis est a, condimentum fringilla nisi. Donec vel lectus nec ligula interdum tincidunt. Aliquam ut sem nisi. In in finibus mi. Vestibulum ante ipsum primis in faucibus orci luctus et ultrices posuere cubilia curae; Cras ac nulla elementum, auctor ipsum gravida, elementum ante. Nullam consequat nulla vel nulla maximus tincidunt. In vel felis nec arcu feugiat cursus. Sed dictum fringilla luctus. Sed nec erat urna. Sed et diam neque. Etiam est dui, placerat nec pellentesque consectetur, luctus at est. Phasellus vitae dignissim turpis.','http://nbcgib.uesc.br/ppgmc/projetos.php|https://www.kingdomhearts.com/home/us/'),(2,2,'/storage/acoes/2.jpg','Título 21','Lorem ipsum dolor sit amet, consectetur adipiscing elit. Curabitur laoreet molestie risus at vulputate. Nulla facilisi. Sed sed euismod elit, accumsan tempus ipsum. Morbi dignissim ullamcorper condimentum. Nunc ullamcorper semper faucibus. Donec auctor, massa sit amet elementum consectetur, orci leo posuere neque, sit amet pulvinar sem enim non metus. Cras diam nisi, convallis quis est a, condimentum fringilla nisi. Donec vel lectus nec ligula interdum tincidunt. Aliquam ut sem nisi. In in finibus mi. Vestibulum ante ipsum primis in faucibus orci luctus et ultrices posuere cubilia curae; Cras ac nulla elementum, auctor ipsum gravida, elementum ante. Nullam consequat nulla vel nulla maximus tincidunt. In vel felis nec arcu feugiat cursus. Sed dictum fringilla luctus. Sed nec erat urna. Sed et diam neque. Etiam est dui, placerat nec pellentesque consectetur, luctus at est. Phasellus vitae dignissim turpis.','http://nbcgib.uesc.br/ppgmc/projetos.php'),(3,1,'/storage/acoes/1.jpg','Título 12','Lorem ipsum dolor sit amet, consectetur adipiscing elit. Curabitur laoreet molestie risus at vulputate. Nulla facilisi. Sed sed euismod elit, accumsan tempus ipsum. Morbi dignissim ullamcorper condimentum. Nunc ullamcorper semper faucibus. Donec auctor, massa sit amet elementum consectetur, orci leo posuere neque, sit amet pulvinar sem enim non metus. Cras diam nisi, convallis quis est a, condimentum fringilla nisi. Donec vel lectus nec ligula interdum tincidunt. Aliquam ut sem nisi. In in finibus mi. Vestibulum ante ipsum primis in faucibus orci luctus et ultrices posuere cubilia curae; Cras ac nulla elementum, auctor ipsum gravida, elementum ante. Nullam consequat nulla vel nulla maximus tincidunt. In vel felis nec arcu feugiat cursus. Sed dictum fringilla luctus. Sed nec erat urna. Sed et diam neque. Etiam est dui, placerat nec pellentesque consectetur, luctus at est. Phasellus vitae dignissim turpis.',''),(4,2,'/storage/acoes/2.jpg','Título 22','Lorem ipsum dolor sit amet, consectetur adipiscing elit. Curabitur laoreet molestie risus at vulputate. Nulla facilisi. Sed sed euismod elit, accumsan tempus ipsum. Morbi dignissim ullamcorper condimentum. Nunc ullamcorper semper faucibus. Donec auctor, massa sit amet elementum consectetur, orci leo posuere neque, sit amet pulvinar sem enim non metus. Cras diam nisi, convallis quis est a, condimentum fringilla nisi. Donec vel lectus nec ligula interdum tincidunt. Aliquam ut sem nisi. In in finibus mi. Vestibulum ante ipsum primis in faucibus orci luctus et ultrices posuere cubilia curae; Cras ac nulla elementum, auctor ipsum gravida, elementum ante. Nullam consequat nulla vel nulla maximus tincidunt. In vel felis nec arcu feugiat cursus. Sed dictum fringilla luctus. Sed nec erat urna. Sed et diam neque. Etiam est dui, placerat nec pellentesque consectetur, luctus at est. Phasellus vitae dignissim turpis.','http://nbcgib.uesc.br/ppgmc/projetos.php|https://www.kingdomhearts.com/home/us/|https://cs50.harvard.edu/x/2021/weeks/0/');
/*!40000 ALTER TABLE `acoes` ENABLE KEYS */;
UNLOCK TABLES;

--
-- Table structure for table `atuacoes`
--

DROP TABLE IF EXISTS `atuacoes`;
/*!40101 SET @saved_cs_client     = @@character_set_client */;
/*!40101 SET character_set_client = utf8 */;
CREATE TABLE `atuacoes` (
  `id` bigint(20) unsigned NOT NULL AUTO_INCREMENT,
  `titulo` varchar(191) COLLATE utf8mb4_unicode_ci NOT NULL,
  PRIMARY KEY (`id`)
) ENGINE=InnoDB AUTO_INCREMENT=7 DEFAULT CHARSET=utf8mb4 COLLATE=utf8mb4_unicode_ci;
/*!40101 SET character_set_client = @saved_cs_client */;

--
-- Dumping data for table `atuacoes`
--

LOCK TABLES `atuacoes` WRITE;
/*!40000 ALTER TABLE `atuacoes` DISABLE KEYS */;
INSERT INTO `atuacoes` VALUES (1,'Sem Informação'),(2,'Ensino Médio'),(3,'Ensino Privado'),(4,'Funcionalismo Público'),(5,'Iniciativa Privada'),(6,'Em doutoramento');
/*!40000 ALTER TABLE `atuacoes` ENABLE KEYS */;
UNLOCK TABLES;

--
-- Table structure for table `categorias`
--

DROP TABLE IF EXISTS `categorias`;
/*!40101 SET @saved_cs_client     = @@character_set_client */;
/*!40101 SET character_set_client = utf8 */;
CREATE TABLE `categorias` (
  `id` bigint(20) unsigned NOT NULL AUTO_INCREMENT,
  `tipo` varchar(191) COLLATE utf8mb4_unicode_ci NOT NULL,
  `tipo_plural` varchar(191) COLLATE utf8mb4_unicode_ci NOT NULL,
  PRIMARY KEY (`id`)
) ENGINE=InnoDB AUTO_INCREMENT=6 DEFAULT CHARSET=utf8mb4 COLLATE=utf8mb4_unicode_ci;
/*!40101 SET character_set_client = @saved_cs_client */;

--
-- Dumping data for table `categorias`
--

LOCK TABLES `categorias` WRITE;
/*!40000 ALTER TABLE `categorias` DISABLE KEYS */;
INSERT INTO `categorias` VALUES (1,'Permanente','Permanentes'),(2,'Colaborador','Colaboradores'),(3,'Visitante','Visitantes'),(4,'Post-doc','Post-docs'),(5,'Desligado','Desligados');
/*!40000 ALTER TABLE `categorias` ENABLE KEYS */;
UNLOCK TABLES;

--
-- Table structure for table `discentes`
--

DROP TABLE IF EXISTS `discentes`;
/*!40101 SET @saved_cs_client     = @@character_set_client */;
/*!40101 SET character_set_client = utf8 */;
CREATE TABLE `discentes` (
  `id` bigint(20) unsigned NOT NULL AUTO_INCREMENT,
  `foto` varchar(191) COLLATE utf8mb4_unicode_ci NOT NULL,
  `nome` varchar(191) COLLATE utf8mb4_unicode_ci NOT NULL,
  `matricula` varchar(191) COLLATE utf8mb4_unicode_ci NOT NULL,
  `sobrenome` varchar(191) COLLATE utf8mb4_unicode_ci NOT NULL,
  `egresso_id` bigint(20) unsigned NOT NULL,
  `atuacao` varchar(191) COLLATE utf8mb4_unicode_ci NOT NULL,
  PRIMARY KEY (`id`),
  KEY `discentes_egresso_id_foreign` (`egresso_id`),
  CONSTRAINT `discentes_egresso_id_foreign` FOREIGN KEY (`egresso_id`) REFERENCES `egressos` (`id`)
) ENGINE=InnoDB AUTO_INCREMENT=121 DEFAULT CHARSET=utf8mb4 COLLATE=utf8mb4_unicode_ci;
/*!40101 SET character_set_client = @saved_cs_client */;

--
-- Dumping data for table `discentes`
--

LOCK TABLES `discentes` WRITE;
/*!40000 ALTER TABLE `discentes` DISABLE KEYS */;
INSERT INTO `discentes` VALUES (1,'/storage/discentes-ppgmc/anderson_souza_oliveira_aguiar.gif','Anderson','201360214','Souza Oliveira Aguiar',2,'5'),(2,'/storage/discentes-ppgmc/cassio_almeida_lima.gif','Cassio','201360216','Almeida Lima',2,'2'),(3,'/storage/discentes-ppgmc/elinaldo_santos_de_goes_junior.gif','Elinaldo','201360218','Santos de Goes Junior',2,'4'),(4,'/storage/discentes-ppgmc/everton_costa_santos.gif','Everton','201360219','Costa Santos',2,'2'),(5,'/storage/discentes-ppgmc/gislan_silveira_santos.gif','Gislan','201360221','Silveira Santos',2,'2'),(6,'/storage/discentes-ppgmc/gustavo_monné_alfaro.gif','Gustavo','201360222','Monné Alfaro',2,'5'),(7,'/storage/discentes-ppgmc/jorge_fabrício_lopes_dos_santos.gif','Jorge','201360223','Fabrício Lopes dos Santos',2,'2'),(8,'/storage/discentes-ppgmc/manoel_alves_de_souza_neto.gif','Manoel','201360224','Alves de Souza Neto',2,'5'),(9,'/storage/discentes-ppgmc/marcelo_dos_santos.gif','Marcelo','201360225','dos Santos',2,'2'),(10,'/storage/discentes-ppgmc/silvana_santos_amorim.gif','Silvana','201360227','Santos Amorim',2,'2'),(11,'/storage/discentes-ppgmc/valdex_de_jesus_santos.gif','Valdex','201360228','de Jesus Santos',2,'2'),(12,'/storage/discentes-ppgmc/jorge_farias_herculano_.gif','Jorge','201460166','Farias Herculano',2,'2'),(13,'/storage/discentes-ppgmc/elivaldo_lozer_fracalossi_ribeiro.gif','Elivaldo','201460164','Lozer Fracalossi Ribeiro',2,'2'),(14,'/storage/discentes-ppgmc/alexandro_dos_santos_silva.gif','Alexandro','201460160','dos Santos Silva',2,'2'),(15,'/storage/discentes-ppgmc/luiz_justino_da_silva_júnior.gif','Luiz','201460169','Justino da Silva Júnior',2,'2'),(16,'/storage/discentes-ppgmc/paulo_oliveira_paixão.gif','Paulo','201460172','Oliveira Paixão',2,'2'),(17,'/storage/discentes-ppgmc/diego_habib_santos_nolasco_.gif','Diego','201460161','Habib Santos Nolasco',2,'2'),(18,'/storage/discentes-ppgmc/tadeu_nogueira_costa_de_andrade_.gif','Tadeu','201460173','Nogueira Costa de Andrade',2,'2'),(19,'/storage/discentes-ppgmc/thiago_souza_paim_.gif','Thiago','201460175','Souza Paim',2,'2'),(20,'/storage/discentes-ppgmc/julio_oliveira_da_silva_.gif','Julio','201460167','Oliveira da Silva',2,'2|5'),(21,'/storage/discentes-ppgmc/luenne_nailam_sousa_nascimento_.gif','Luenne','201410168','Nailam Sousa Nascimento',1,'2'),(22,'/storage/discentes-ppgmc/diogo_pereira_silva_de_novais_.gif','Diogo','201460162','Pereira Silva de Novais',2,'2'),(23,'/storage/discentes-ppgmc/thaise_santos_silva_.gif','Thaise','201460174','Santos Silva',2,'4'),(24,'/storage/discentes-ppgmc/vinicius_nascimento_rufino_.gif','Vinicius','201460176','Nascimento Rufino',2,'2'),(25,'/storage/discentes-ppgmc/emico_ferreira_santana_.gif','Emico','201460165','Ferreira Santana',2,'1'),(26,'/storage/discentes-ppgmc/rogério_viní­cius_matos_rocha.gif','Rogério','201420840','Viní­cius Matos Rocha',2,'2|6'),(27,'/storage/discentes-ppgmc/gabriel_de_mello_loureiro.gif','Gabriel','201420838','de Mello Loureiro',2,'1'),(28,'/storage/discentes-ppgmc/rodrigo_silva_mendonça.gif','Rodrigo','201420839','Silva Mendonça',2,'1'),(29,'/storage/discentes-ppgmc/tarcila_oliveira_matos_muniz.gif','Tarcila','201420841','Oliveira Matos Muniz',2,'3'),(30,'/storage/discentes-ppgmc/ciro_campos_chaves.gif','Ciro','201511968','Campos Chaves',2,'1|3'),(31,'/storage/discentes-ppgmc/joão_gabriel_ganem_barbosa.gif','João','201511563','Gabriel Ganem Barbosa',2,'2'),(32,'/storage/discentes-ppgmc/silas_silva_santos.gif','Silas','201510247','Silva Santos',2,'3'),(33,'/storage/discentes-ppgmc/marlesson_rodrigues_oliveira_de_santana_.gif','Marlesson','201510234','Rodrigues Oliveira de Santana',2,'5|6'),(34,'/storage/discentes-ppgmc/jorge_paulo_soares_rocha_filho.gif','Jorge','201511562','Paulo Soares Rocha Filho',2,'1'),(35,'/storage/discentes-ppgmc/anderson_conceição_rodrigues.gif','Anderson','201510231','Conceição Rodrigues',2,'2'),(36,'/storage/discentes-ppgmc/raranna_alves_da_costa.gif','Raranna','201510242','Alves da Costa',2,'5'),(37,'/storage/discentes-ppgmc/rudhero_monteiro_dos_santos.gif','Rudhero','201510245','Monteiro dos Santos',2,'2'),(38,'/storage/discentes-ppgmc/guilherme_peixoto_andrade.gif','Guilherme','201511966','Peixoto Andrade',2,'5'),(39,'/storage/discentes-ppgmc/léo_rodrigues_biscassi.gif','Léo','201511561','Rodrigues Biscassi',2,'2|5'),(40,'/storage/discentes-ppgmc/carlos_alberto_oliveira_araujo.gif','Carlos','201510232','Alberto Oliveira Araujo',2,'4'),(41,'/storage/discentes-ppgmc/arturo_ernesto_machado_ortega.gif','Arturo','PME201503','Ernesto Machado Ortega',2,'5'),(42,'/storage/discentes-ppgmc/allan_sérgio_gonçalves_alves.gif','Allan','201610132','Sérgio Gonçalves Alves',2,'2'),(43,'/storage/discentes-ppgmc/anusio_menezes_correia.gif','Anusio','201610133','Menezes Correia',2,'4|6'),(44,'/storage/discentes-ppgmc/bruno_martins_calazans_silva.gif','Bruno','201610134','Martins Calazans Silva',2,'6'),(45,'/storage/discentes-ppgmc/emerson_cordeiro_silva.gif','Emerson','201610136','Cordeiro Silva',1,'1'),(46,'/storage/discentes-ppgmc/marcos_josé_rocha_costa.gif','Marcos','201610139','José Rocha Costa',1,'1'),(47,'/storage/discentes-ppgmc/messias_gomes_novaes_júnior.gif','Messias','201610140','Gomes Novaes Júnior',2,'4'),(48,'/storage/discentes-ppgmc/nilo_fernandes_varela.gif','Nilo','201610141','Fernandes Varela',1,'1'),(49,'/storage/discentes-ppgmc/thiago_messias_evangelista.gif','Thiago','201610143','Messias Evangelista',1,'1'),(50,'/storage/discentes-ppgmc/uebert_gonçalves_moreira.gif','Uebert','201610144','Gonçalves Moreira',2,'6'),(51,'/storage/discentes-ppgmc/victor_rocha_neres.gif','Victor','201610145','Rocha Neres',2,'4'),(52,'/storage/discentes-ppgmc/dárcio_rocha_da_silva.gif','Dárcio','201710279','Rocha da Silva',2,'4'),(53,'/storage/discentes-ppgmc/denilson_oliveira_melo.gif','Denilson','201710281','Oliveira Melo',2,'5'),(54,'/storage/discentes-ppgmc/fabiano_borges.gif','Fabiano','201710284','Borges',1,'4'),(55,'/storage/discentes-ppgmc/fabilone_santos_da_silva.gif','Fabilone','201710285','Santos da Silva',2,'5'),(56,'/storage/discentes-ppgmc/felipe_antunes_dos_santos.gif','Felipe','201710286','Antunes dos Santos',2,'4|6'),(57,'/storage/discentes-ppgmc/flávia_lopes_de_almeida_nascimento.gif','Flávia','201710287','Lopes de Almeida Nascimento',2,'6'),(58,'/storage/discentes-ppgmc/geovana_pires_araujo_lima.gif','Geovana','201710288','Pires Araujo Lima',2,'2'),(59,'/storage/discentes-ppgmc/islane_dutra_pereira.gif','Islane','201710289','Dutra Pereira',2,'2'),(60,'/storage/discentes-ppgmc/leno_matos_lisboa.gif','Leno','201710291','Matos Lisboa',2,'1'),(61,'/storage/discentes-ppgmc/matheu_anunciação_batista_dos_santos.gif','Matheu','201710292','Anunciação Batista dos Santos',1,'1'),(62,'/storage/discentes-ppgmc/paulo_cezar_cabral_junior.gif','Paulo','201710294','Cezar Cabral Junior',1,'1'),(63,'/storage/discentes-ppgmc/romilson_dos_santos_souza.gif','Romilson','201710295','dos Santos Souza',2,'4'),(64,'/storage/discentes-ppgmc/stella_gonçalves_sobrinha.gif','Stella','201710296','Gonçalves Sobrinha',4,'1'),(65,'/storage/discentes-ppgmc/victor_porto_lopes.gif','Victor','201710297','Porto Lopes',2,'4'),(66,'/storage/discentes-ppgmc/luís_augusto_franco_lópez.gif','Luís','201810297','Augusto Franco López',2,'5'),(67,'/storage/discentes-ppgmc/frederico_chaves_carvalho.gif','Frederico','201810969','Chaves Carvalho',2,'6'),(68,'/storage/discentes-ppgmc/bruno_dos_santos_de_matos.gif','Bruno','201810968','dos Santos de Matos',1,'1'),(69,'/storage/discentes-ppgmc/luiz_vinícius_de_menezes_soglia.gif','Luiz','201810973','Vinícius de Menezes Soglia',2,'1'),(70,'/storage/discentes-ppgmc/vinícius_souza_madureira.gif','Vinícius','201810976','Souza Madureira',2,'5'),(71,'/storage/discentes-ppgmc/luenne_nailan_sousa_nascimrnto_.gif','Luenne','201810972','Nailan Sousa Nascimrnto',2,'2'),(72,'/storage/discentes-ppgmc/luciano_franco_da_silva.gif','Luciano','201810971','Franco da Silva',1,'1'),(73,'/storage/discentes-ppgmc/lucas_matos_e_souza.gif','Lucas','201810970','Matos e Souza',4,'1'),(74,'/storage/discentes-ppgmc/marcus_vinícius_souza_sodré.gif','Marcus','201810974','Vinícius Souza Sodré',2,'2'),(75,'/storage/discentes-ppgmc/pedro_henrique_sales_girotto.gif','Pedro','201810975','Henrique Sales Girotto',2,'2'),(76,'/storage/discentes-ppgmc/márcio_pedro_dos_santos_sousa.gif','Márcio','201811767','Pedro dos Santos Sousa',2,'1'),(77,'/storage/discentes-ppgmc/adson_santos_cardoso.gif','Adson','201911677','Santos Cardoso',1,'1'),(78,'/storage/discentes-ppgmc/alexandre_dias_dos_santos.gif','Alexandre','201911678','Dias dos Santos',1,'1'),(79,'/storage/discentes-ppgmc/laio_andrade_sacramento.gif','Laio','201911687','Andrade Sacramento',2,'1'),(80,'/storage/discentes-ppgmc/givaldo_souza_de_oliveira.gif','Givaldo','201911685','Souza de Oliveira',2,'1'),(81,'/storage/discentes-ppgmc/antonio_oliveira_simão_junior.gif','Antonio','201911679','Oliveira Simão Junior',2,'1'),(82,'/storage/discentes-ppgmc/miquéias_amorim_santos_silva.gif','Miquéias','201911688','Amorim Santos Silva',2,'1'),(83,'/storage/discentes-ppgmc/igor_barreto_cabral_oliveira.gif','Igor','201911686','Barreto Cabral Oliveira',2,'1'),(84,'/storage/discentes-ppgmc/carla_nascimento_neves_.gif','Carla','201911680','Nascimento Neves',2,'1'),(85,'/storage/discentes-ppgmc/emerson_cordeiro_silva.gif','Emerson','201911684','Cordeiro Silva',3,'1'),(86,'/storage/discentes-ppgmc/oniram_atila_dos_santos_de_souza.gif','Oniram','201911689','Atila dos Santos de Souza',3,'1'),(87,'/storage/discentes-ppgmc/cleviton_borges_de_jesus.gif','Cleviton','201911682','Borges de Jesus',3,'1'),(88,'/storage/discentes-ppgmc/thiago_santos_de_oliveira_.gif','Thiago','201911694','Santos de Oliveira',2,'1'),(89,'/storage/discentes-ppgmc/sirlêda_souza_santos.gif','Sirlêda','201911693','Souza Santos',2,'1'),(90,'/storage/discentes-ppgmc/velton_cardoso_pires.gif','Velton','201911695','Cardoso Pires',2,'1'),(91,'/storage/discentes-ppgmc/rafaela_cristina_ferreira_brito.gif','Rafaela','201911691','Cristina Ferreira Brito',2,'1'),(92,'/storage/discentes-ppgmc/yago_de_castro_souza.gif','Yago','201911696','de Castro Souza',2,'1'),(93,'/storage/discentes-ppgmc/fabiano_borges.gif','Fabiano','202010147','Borges',3,'1'),(94,'/storage/discentes-ppgmc/jean_silva_nogueira_pacheco.gif','Jean','202010149','Silva Nogueira Pacheco',3,'1'),(95,'/storage/discentes-ppgmc/johnatas_barbosa_dos_santos.gif','Johnatas','202010151','Barbosa dos Santos',3,'1'),(96,'/storage/discentes-ppgmc/larissa_mota_de_souza.gif','Larissa','202010152','Mota de Souza',3,'1'),(97,'/storage/discentes-ppgmc/daniel_lucas_santana_santos.gif','Daniel','202010146','Lucas Santana Santos',3,'1'),(98,'/storage/discentes-ppgmc/maurício_pereira_nogueira_júnior.gif','Maurício','202010156','Pereira Nogueira Júnior',4,'1'),(99,'/storage/discentes-ppgmc/mateus_santos_marinho.gif','Mateus','202010155','Santos Marinho',3,'1'),(100,'/storage/discentes-ppgmc/yan_Álléfe_miranda_ribeiro.gif','Yan','202010159','Álléfe Miranda Ribeiro',3,'1'),(101,'/storage/discentes-ppgmc/jocielle_rodrigues_da_silva.gif','Jocielle','202010150','Rodrigues da Silva',3,'1'),(102,'/storage/discentes-ppgmc/mariana_pedroso_pinheiro_neto.gif','Mariana','202010154','Pedroso Pinheiro Neto',3,'1'),(103,'/storage/discentes-ppgmc/natália_luiza_freire_botelho.gif','Natália','202010157','Luiza Freire Botelho',3,'1'),(104,'/storage/discentes-ppgmc/rafael_alves_cotrim.gif','Rafael','202010158','Alves Cotrim',3,'1'),(105,'/storage/discentes-ppgmc/cleivison_souza_de_jesus.gif','Cleivison','202010145','Souza de Jesus',3,'1'),(106,'/storage/discentes-ppgmc/henry_nicolas_george_melen.gif','Henry','202010148','Nicolas George Melen',3,'1'),(107,'/storage/discentes-ppgmc/andrés_mauricio_nieves_chacón.gif','Andrés','202110317','Mauricio Nieves Chacón',3,'1'),(108,'/storage/discentes-ppgmc/giovanna_buscatti_gonçalves.gif','Giovanna','202110318','Buscatti Gonçalves',3,'1'),(109,'/storage/discentes-ppgmc/paulo_cezar_cabral_junior.gif','Paulo','202110320','Cezar Cabral Junior',3,'1'),(110,'/storage/discentes-ppgmc/caique_lima_de_santana.gif','Caique','202110321','Lima de Santana',3,'1'),(111,'/storage/discentes-ppgmc/erik_de_souza_lago.gif','Erik','202110323','de Souza Lago',3,'1'),(112,'/storage/discentes-ppgmc/dely_da_silva_lima_neto.gif','Dely','202110324','da Silva Lima Neto',3,'1'),(113,'/storage/discentes-ppgmc/johnatas_santos_silva.gif','Johnatas','202110325','Santos Silva',3,'1'),(114,'/storage/discentes-ppgmc/guilherme_ramon_gomes_pires_arantes.gif','Guilherme','202110326','Ramon Gomes Pires Arantes',3,'1'),(115,'/storage/discentes-ppgmc/iuri_costa_de_jesus_.gif','Iuri','202110330','Costa de Jesus',4,'1'),(116,'/storage/discentes-ppgmc/vinícius_de_souza_andrade_wanderley.gif','Vinícius','202110327','de Souza Andrade Wanderley',3,'1'),(117,'/storage/discentes-ppgmc/artur_césar_gonçalves_moreira.gif','Artur','202110328','César Gonçalves Moreira',3,'1'),(118,'/storage/discentes-ppgmc/renan_xavier_farias.gif','Renan','202110329','Xavier Farias',1,'1'),(119,'/storage/discentes-ppgmc/bruno_madureira_ribeiro.gif','Bruno','202110331','Madureira Ribeiro',3,'1'),(120,'/storage/discentes-ppgmc/jose_luis_ramos_quisbert_.gif','Jose','202110841','Luis Ramos Quisbert',3,'1');
/*!40000 ALTER TABLE `discentes` ENABLE KEYS */;
UNLOCK TABLES;

--
-- Table structure for table `disciplinas`
--

DROP TABLE IF EXISTS `disciplinas`;
/*!40101 SET @saved_cs_client     = @@character_set_client */;
/*!40101 SET character_set_client = utf8 */;
CREATE TABLE `disciplinas` (
  `codigo` varchar(191) COLLATE utf8mb4_unicode_ci NOT NULL,
  `nome` varchar(191) COLLATE utf8mb4_unicode_ci NOT NULL,
  `carga_horaria` int(11) NOT NULL,
  `creditos` int(11) NOT NULL,
  `eletiva` tinyint(1) NOT NULL,
  `ativa` tinyint(1) NOT NULL,
  `ementa` text COLLATE utf8mb4_unicode_ci NOT NULL,
  `bibliografia` text COLLATE utf8mb4_unicode_ci NOT NULL,
  PRIMARY KEY (`codigo`)
) ENGINE=InnoDB DEFAULT CHARSET=utf8mb4 COLLATE=utf8mb4_unicode_ci;
/*!40101 SET character_set_client = @saved_cs_client */;

--
-- Dumping data for table `disciplinas`
--

LOCK TABLES `disciplinas` WRITE;
/*!40000 ALTER TABLE `disciplinas` DISABLE KEYS */;
INSERT INTO `disciplinas` VALUES ('CET021','Tópicos Especiais I',60,4,0,1,'A definir pelo professor da disciplina.','A definir pelo professor da disciplina.'),('CET022','Tópicos Especiais II',60,4,0,1,'A definir pelo professor da disciplina.','A definir pelo professor da disciplina.'),('CET081','Bioinformática',60,4,0,1,'Análise e utilização/aplicação de ferramentas para Bioinformática; Sequenciamento; Processamento e análise de dados genômicos, transcriptômicos e proteômicos; Remontagem de fragmentos de DNA; Análise de estruturas genômicas, transcriptômicas e proteômicas; Busca e comparações de sequências em bancos de dados biológicos; Anotação de sequências; Alinhamento de sequências; Expressão gênica e Micro-arranjos; Análise e predição de estruturas proteícas; Análises Filogenéticas; Automatização de processamentos.','1. LODHI, H. M.; MUGGLETON, S. H. Elements of computational systems biology. Wiley, 2010.|2. LESK, A. M. Introduction to bioinformatics. 3.ed. Oxford Univ. Press, 2008.|3. HAUBOLD, B.; WIEHE, T. Introduction to computational biology: an evolutionary approach. Birkhäuser Basel, 2007.|4. BISHOP, M.; RAWLINGSm C. J. DNA and protein sequence analysis: a practical approach. Oxford Univ. Press, 1997.|5. BAXEVANIS, A. D.; FRANCIS-OUELLETTE, B. F. (eds.) Bioinformatics: a practical guide to the analysis of genes and proteins. 3.ed. Wiley-Interscience, 2004.|6. GIBAS, C.; JAMBERK, P. Developing Bioinformatics Computer Skills. O\'Reilly Media, 2001.|7. MOUNT, D. W.; Bioinformatics: sequence and genome analysis. O\'Reilly Media, 2001.'),('CET1201','Álgebra Linear',60,4,1,1,'Matrizes; Sistemas lineares; Espaços vetoriais; Transformações lineares; Autovalores e autovetores; Formas canônicas e decomposições; Formas quadráticas; Espaços com produto interno; Operadores sobre espaços com produto interno; Formas bilineares; Normas de matrizes; Funções de matrizes; Aplicações de álgebra linear.','1. Introduction to Linear Algebra - Strang, Willesley Cambridge Press, 2009|2. Algebra Linear - Hoffman, K. e Kunze, R., Editora Polígono SA, SP, 1971|3. Linear Algebra and Matrix Theory - Nering, E.D., John Wiley & Sons, 1970|4. The Theory of Matrices - Gantmacher, F.R., Chelsea, vol. 1, 1959|5. Linear Algebra and Its aplications - Strang, G. Harcourd Brace & Company ,1988'),('CET1202','Algoritmos e Programação',60,4,1,1,'Algoritmos, Representação de algoritmos: portugol e fluxogramas; Programação de Computadores; Variáveis; Operadores; Expressões aritméticas e lógicas; Estruturas de controle: Repetição e Desvio Condicional; Programação Estruturada; Modularização de programas; Recursividade; Introdução às Estruturas de Dados; Vetores e Matrizes, Dados agregados; Manipulação de arquivos; Algoritmos de ordenação e busca ; Conceitos de Complexidade Computacional; Análise Assintótica.','1. Estruturas de dados usando C, A. Tenenbaum, Y. Langsam, M. Augenstein. Editora Makron, 1995|2. Algoritmos, Teoria e Prática, T. H. Cormen, C. E. Leiserson, R. L. Rivest, C. Stein, Editora Campus, 2001|3. C++ Fundamentos e Prática, H. Schildt, Editora: Starlin Alta Consult, 2004|4. Programando em C Volume I: Fundamentos, Ulysses de Oliveira, Ciência Moderna, 2008.'),('CET1203','Fundamentos Matemáticos em Modelagem Computacional',60,4,1,1,'Seqüência e series; Convergência; Aproximação de funções; Série de Taylor; Equações diferenciais ordinárias e aplicações em modelagem; Transformada de Laplace; Série de Fourier; Soluções assintóticas; Transformada de Fourier; Convolução; Transformada inversa.','1. Introdução aos Métodos de Matemática Aplicada - Edmundo C. de Oliveira e Jose E. Maiorino, Unicamp, 2003|2. Advanced Engineering Mathematics - Erwin Kreyzig, Jhon Wiley, 2005|3. Equações Diferenciais com Aplicações em Modelagem - Dennis G. Zill, Thomson Learning, SP, 2003|4. Mathematical Methods in the Physical Sciences - Boas, M.L., John Wisley & Sons, NY, 1983|5. Elementary Differentions Equations and Boundary Value Problems - Boyce, W. e di Prima, R., J. Wisley, NY, 1986|6. Boundary and Eigenvalue Problems in Mathematical Physics - Sagan, H., Dover Publications, NY, 1961'),('CET1204','Métodos Numéricos I',60,4,1,1,'Aproximação polinomial: Série de Taylor; Interpolação splines; Mínimos quadrados; Métodos de determinação de raízes; Integração numérica; Resolução de sistemas lineares de equações algébricas; Problemas de autovalor; Resolução de sistemas de equações algébricas não lineares; Linearização de sistemas de equações.','1. Introduction to Numerical Methods - Epperson, J.F., Wiley Interscience, 2007|2. Numerical Methods for Scientists and Engineers - Anttia, H.M.,Hindustan Book, 2002|3. Analises Numérica - Richard L. Burden e J. Douglas Faires, Thomson Learning, 2008|4. Numerical Methods for Engineers and Scientist - Joe D. Hoffman, Taylor and Francis, 2001'),('CET1205','Elaboração de Projeto de Pesquisa',30,2,1,1,'O projeto de pesquisa: definição; Dimensões da elaboração do projeto; Estrutura do projeto científico; Levantamento bibliográfico; Delimitação do tema e do objeto de pesquisa; Objetivos; Questões norteadoras/hipóteses; Justificativa do trabalho científico; Abordagem e metodologia; Planejamento e cronograma; Normas ABNT.','1. Elaboraçao De Projetos - Da Introduçao A Conclusao; Maria A. Consalter, IBPEX, 2006.|2. Manual de elaboração de projetos de pesquisa; Maria Moura, Maria Ferreira e Patrícia Paine, Rio de Janeiro, Ed. UERJ, 1998.|3. Metodologia científica: a construção do conhecimento, Antônio R. dos Santos, Rio de Janeiro, DP&A, 1999.|4. Metodologia científica: caderno de textos e técnicas, Leda M. Huhne (org), 7ed. Rio de Janeiro, Agir, 2000.'),('CET1206','Análise Vetorial',60,4,0,1,'Campos vetoriais; Rotacional de um campo vetorial; Divergente de um campo vetorial; Teoremas; Integrais de Vetores; Integrais de Linha; Integrais de Superfície e Integrais de Volume; Teorema da Divergência; Teorema de Stokes; Teoremas de Green e de Gauss; e Teorema das Integrais; Coordenadas Curvilíneas; Análise Tensorial.','1. Cálculo Diferencial e Integral, Piskuonov, N. São Paulo. Mir Editora, 1968|2. Mathematical Methods for Physicists, Arfken, G. B.., Elsevier Editora, 2007|3. Mathematcal Physics, Butkov, E.., Addison-Wesley Publishing Company, 1978|4. Análise Vetorial, Spiegel, M. R.., Editora McGraw-Hill do Brasil, 1972|5. Vector Calculus, Jerrold E. Mardsen e Anthony J. Tromba, 5th Ed., Jhon Wiley, 2003'),('CET1207','Dinâmica dos Fluidos e Fenômenos de Transporte',60,4,0,1,'Propriedades de fluidos e de meios contínuos. Forças, tensões e propriedades de escoamentos. Tensões e deformações em fluidos. Equações de estado e constitutivas. Escoamentos: não-viscosos e viscosos. Escoamentos incompressíveis e compressíveis. Escoamentos laminares e turbulentos, com termos difusivos e de transporte convectivo. Teorema de Transporte de Reynolds. Resolução computacional das equações de Euler, Stokes e de Navier-Stokes. Aplicações a escoamentos clássicos: laminar em canal aberto, Poisseuilli, Couette. Condições numéricas de contorno. Condições de aderência, de não-aderência, turbulência em escoamentos. Equações constitutivas para fluidos não newtonianos puramente viscosos. Métodos computacionais para resolver problemas não lineares de escoamentos de fluidos não newtonianos e aplicações em metais líquidos; Polímeros e fluidos biológicos; Analogia com fluência em sólidos.','1. Applied and Computational Fluid Mechanics - Post, S., 2009|2. Finite Element Methods for Flow Problems - Donea, J., Huerta, A., John Wiley and Sons, 2003|3. Incompressible Flow and the Finite Element Method - Gresho, P.M., Sani, R.L., John Wiley and Sons, 2000|4. Shock Waves and Reaction-Diffusion Equations - Smoller, J., Springer Verlag, 1994|5. Supersonic Flow and Shock Waves - Courant, R. e Friedrichs, K.O, Springer Verlag, Applied Mathematics Sciences, 1976|7. Numerical Simulation of Non-Newtonian Flow - Crochet, M.J.; Davies, A.R. e Walters, K., Elsevier Sciences Publ. Comp., 1984'),('CET1208','Equações Diferenciais Ordinárias',60,4,0,1,'Existência e unicidade; Equações diferenciais lineares; Soluções clássicas e transformadas; EDO com coeficientes constantes; EDO coeficientes variáveis; Sturm Liouville; Análise espectral; Teoria qualitativa; Espaço de fase; Equações não lineares; Singularidades, estabilidade, bifurcação.','1. Ordinary Differential Equations - Tenenbaum, M., Pollard, H., Dover Publications, 1995|2. Lições de Equações Diferenciais Ordinárias - Sotomayor, J., , Projeto Euclides, IMPA, 1979|3. Nonlinear Differential Equations and Dynamical Systems - Verhulst, F., Springer, 1997|4. Equações Diferenciais Elementares e Problemas de Valores de Contorno - Boyce DiPrima, LTC, 2002'),('CET1209','Equações Diferenciais Parciais',60,4,0,1,'Conceitos fundamentais da matemática das equações diferenciais parciais; Soluções clássicas das equações de primeira e segunda ordem; Características; Teorema de Cauchy-Kovalevskaya; Leis de conservação e choques; Princípio de máximo para equações elípticas; Problema de Dirichlet; Noções de distribuição; Teoremas de convolução; Transformadas; Aplicação das transformadas de Laplace e Fourier na solução de EDP; Função de Green; Operadores diferenciais, análise espectral, simetria e operadores auto-adjuntos; Equações elípticas; Equações de evolução: parabólicas e hiperbólicas; Aplicações a problemas de condução e difusão, dinâmica dos fluidos e propagação de ondas.','1. Partial Differential Equations for Scientists and Engineers - Farlow, S.J., Dover Publications, 1993|2. An Introduction to Partial Differential Equations - Renardy, M. e Rogers R., Springer, 1993|3. Análise de Fourier e Equações Diferenciais Parciais - Figueiredo, D., Projeto Euclides, IMPA|4. Partial Differential Equations - John, F., 4ed, Springer, 1982|5. Elliptic Partial Differential Equations of Second Order - Gilbarg, D. e Trundiger, N.S., 2ed, Springer, 1983'),('CET1210','Fundamentos da Física das Radiações',60,4,0,1,'Radiações Ionizantes: Conceitos Básicos, radioatividade, decaimento, fontes de radiação. Espectros energéticos. Diagrama de níveis. Secção eficaz. Interação das Radiações com a Matéria. Detecção das radiações; detectores gasosos, cintilantes e semicondutores. Grandezas e unidades na Dosimetria e Proteção Radiológica. Sistemas de limitação de dose. Efeitos Biológicos das Radiações. Dosimetria interna e externa. Micro-dosimetria. Física do transporte de Radiações no meio. Blindagens. Elementos de códigos de simulação de transporte de radiações.','1. Física das Radiações, Okuno E. e Yoshimura E. M., Ed. Oficina de Textos. SP 2010.|2. Radiation Detection and Measurement, Glenn F. Knoll. New York, Ed. John Wiley & Sons, Inc, 2000.|3. Introductory Nuclear Physics, K. S. Krane, John Wiley and Sons, New York, 1988.|4. Principles of Radiation Protection, Morgan, K.Z. and Turner, J.E. New York, Ed. Krieger Pub Co, 1973.|5. Introduction to Radiological Physics and Radiation Dosimetry, Attix, F.H., New York, Ed. John Wiley & Sons, Inc, 1986.'),('CET1211','Fundamentos de Engenharia Nuclear',60,4,0,1,'Revisão de alguns conceitos da física nuclear; Reações nucleares; Sessões de choque microscópicas e macroscópicas; Fissão nuclear; Moderação de nêutrons; Teoria das dimensões críticas; Fórmula dos quatro fatores; Fator de multiplicação efetivo; Reatores nucleares de fissão; Fusão nuclear; Reatores nucleares de fusão.','1. Nuclear Reactor Physics - Weston M. Stacey, Wiley Interscience; 1st Edition, 2001|2. Introduction to Nuclear Engineering - John R. Lamarsh e Anthony J. Baratta, Prentice Hall; 3rd edition, 2001|3. Nuclear Reactor Analysis - Duderstadt J.J. e Hamilton L.J., John Wiley & Sons, New York, 1976|4. Introdução a Física Nuclear - K. C. Chung, EdUERJ, 2001|5. Principles of Fusion Energy - A. A. Harms, K. F. Shoepf, G. H. Miley, D. R. Kingdon, Wolrd Scientific, 2005|6. Plasma Physics and Fusion Energy - Jeffrey Friedberg, Cambridge, 2004.'),('CET1212','Métodos Numéricos II',60,4,0,1,'Equações diferenciais ordinárias: Método de Euler, Método H, Métodos multi-step e Runge-Kutta; Aplicações de EDO em modelagem; Esquemas de diferenças finitas: Operadores de diferenças; Aplicações: Problemas de equilibrio; Problemas de propagação e Problemas de Autovalor; Estabilidade e Convergência.','1. A First Course in the Numerical Analysis of Differential Equations - Iserles, A ., Cambridge University Press, 1966|2. Equações Diferenciais com Aplicações em Modelagem - Dennis G. Zill, Thomson Learning, 2003|3. Numerical Methods for Engineers and Scientists - Joe D. Hoffman, Taylor & Francis, 2001|4. An Introduction to Numerical Methods and Analysis - James F. Epperson, Wiley & Sons, 2007'),('CET1213','Modelagem de Sistemas Biológicos',60,4,0,1,'Sistemas biológicos; Padrões e processos biológicos; Evolução e morfogênese; Modelos populacionais discretos e contínuos; Dinâmica de populações; Interação entre populações; Modelos epidemiológicos; Modelagem de sistemas fisiológicos; Sistemas Imunes; Simulação computacional de modelos biológicos.','1. KLIPP, E.; LIEBERMEISTER, W.; WIERLING, C.; KOWALD, A.; LEBRACH, H.; HERWIG, R. Systems biology: a textbook. Wiley-VCH, 2009.|2. SCHWARTZ, R. Biological modeling and simulation: a survey of practical models, algorithms, and numerical methods. MIT Press, 2008.|3. DEUTSCH, A.; BRUSCH, L.; BYRNE, H.; DE VRIES, G.; HERZEL, H. (Eds.) Mathematical modeling of biological systems. Vol I. Birkhäuser Boston, 2007.|4. DEUTSCH, A.; DE LA PARRA, R. B.; BOER, R. J.; DIEKMANN, O.; JAGERS, P.; KISDI, E.|5. KRETZSCHMAR, M.; LANSKY, P.; METZ, H. (Eds.) Mathematical modeling of biological systems. Vol II. Birkhäuser Boston, 2007.|6. MURRAY, J. D. Mathematical biology: I. an introduction. 3.ed. Springer, 2007.'),('CET1214','Modelagem de Transporte de Partículas',60,4,0,1,'Métodos determinísticos: A teoria da difusão; Métodos numéricos aplicados a problemas de difusão; A equação de transporte de Boltzmann; Aproximação de ordenadas discretas Sn; Métodos numéricos para a formulação Sn; Cinética de reatores nucleares; Métodos numéricos aplicados à cinética de reatores nucleares. Métodos probabilísticos: Amostragem: princípios básicos, técnicas de rejeição, esquemas de amostragem, importância para amostragens; Splitting e Roleta Russa; Transformação exponencial, Exatidão dos resultados por Monte Carlo; Equação de transporte: abordagem integral, Mecânica da Simulação do transporte de partículas; Amostragem de eventos de colisão, Equações adjuntas, Monte Carlo multi-grupo.','1. Nuclear Reactor Analysis - Duderstadt J.J. e Hamilton L.J., John Wiley & Sons, New York, 1976|2. Computational Methods of Neutron Transport - Lewis E.E. e Miller W.F.Jr., American Nuclear Society, Illinois 1993|3. Transport Theory - Duderstadt J.J. e Martin W.R., John Wiley & Sons, New York, 1979|4. Introduction to Nuclear Engineering - John R. Lamarsh, Anthony J. Baratta, Prentice Hall; 3rd edition, 2001|5. Parametric estimates by the Monte Carlo Method - Mikhailov G.A., The Netherlands, VSP, 1999|6. Computational methods in engineering and science: with applications to fluid dynamics and nuclear systems - Nakamura S., California University, Wiley, 1977|7. Monte Carlo particle transport methods: neutron and photon calculations, Lux I., Koblinger L., Michigan University, CRC press, 1991|8. Fundamentos da Física de nêutrons, Zamboni C. B., São Paulo, Livraria da Física, 2007.'),('CET1215','Processamento de Sinais e Imagens',60,4,0,1,'Caracterização e amostragem de sinais. Análise de Fourier de Sinais Discretos (DTF e FFT). Análise espectral. Filtragem digital. Exercícios práticos em computador. Fundamentos e Aquisição da imagem digital; Transformações de intensidade, filtragem espacial e filtragem no domínio da frequência; Compreensão de imagens; Extração de características, representações e descrições de imagens.','1. Digital Signal Processing - Oppenheim, A.V. e Schafer, R.W., Prentice-Hall, 1975.|2. Digital Signal Processing: Principles, Algorithms and Applications - Proakis, J.G. e Manolakis, D.G., 3rd edition, Prentice-Hall, 1987.|3. Discrete-time Signal Processing - Oppenheim, A.V. e Schafer, R.W., Prentice-Hall, 1989.|4. Processamento de Imagens Digitais - Rafael C. Gonzales & Richard E. Woods, Longman do Brasil, 3ª Edição - 2010.|5. Biomedical Signal and Image Processing, Kayvan Najarian, Robert Splinter, CRC/Taylor & Francis, 2006.|6. Fundamentals of Digital Image Processing, Anil K. Jain, Prentice-Hall - 1989.'),('CET1216','Programação Paralela',60,4,0,1,'Arquitetura de computadores voltados para programação paralela: Arquitetura Flynn; UMA, NUMA, CC-NUMA; Clusters – Grids; Arquiteturas Massivamente Paralelas. Medidas de desempenho utilizadas em programação paralela: tomadas de tempo, rendimento, speedup. Paradigma de memória compartilhada: conceitosbásicos e genéricos, semáforos, exclusão mútua, sincronização, dependencia de dados, laço paralelo; Sintaxe OpenMP; Técnicas específicas e básicas de OpenMP. Paradigma de memória Distribuída: apresentação do padrão MPI; Sintaxe Básica do MPI Send, Recv; Operações Coletivas; I/0 paralela usando MPI-II. Programação hibrida: Exemplos de aplicação. Tecnicas avançadas de programação paralela: Novos tipos de dados e packing em MPI; Comunicadores em MPI; Topologias em MPI. Ferramentas utilizadas para programação paralela: Sun Studio, debugging para deteção de corrida; Vampire. Programação paralela com GPU: princípios básicos; a extensão CUDA; sintaxe e aplicações básicas.','1. William Gropp, Ewing L. Lusk and Anthony Skjellum; Using MPI - 2nd Edition: Portable Parallel Programming with the Message Passing Interface (Scientific and Engineering Computation); MIT Press; 1999.|2. Peter S. Pacheco; An Introduction to Parallel Programming; Elsevier; 2011.|3. Barbara Chapman, Gabriele Jost and Ruud van van der Pas; Using OpenMP: Portable Shared Memory Parallel Programming; MIT Press; 2007.|4. Rohit Chandra, Ramesh Menon, Leo Dagum and David Kohr; Parallel Programming in OpenMP; Jhon Wiley, 2000.|5. Fayez Gebali; Algorithms and Parallel Computing; Jhon Wiley & Sons, 2011.|6. Jason Sanders e Edward Kandrot; CUDA by Example: An Introduction to General-Purpose GPU Programming; Addison-Wesley; 2010.|7. David B. Kirk e Wen-mei W. Hwu; Programming Massively Parallel Processors: A Hands-on Approach; Morgan Kaufmann, 2010.'),('CET1217','Visualização Científica',60,4,0,1,'Introdução a Visualização Científica, Conjunto de Dados, Técnicas de Visualização Científica, Metodologia para Entendimento da Visualização Científica, Interação com Visualizações, Mineração de Dados e Visualização Científica.','1. The craft of information visualization: readings and reflections, Benjamin B. Bederson e Ben Shneiderman, Morgan Kaufmann Publishers, 2003.|2. Information visualization: design for interaction (Second Edition), Robert Spence Pearson Education Limited, 2007.|3. Information Visualization: Human-Centered Issues and Perspectives, Kerren, A.; Stasko, J.; Fekete, J.-D.; North, C. (Eds.), Springer.|4. Information visualization: beyond the horizon, Chaomei Chen, Springer- Verlang London Limited, 2006.|5. Readings in information visualization: using vision to think, Stuart K. Card,Jock D. Mackinlay, Ben Shneiderman, Academic Press, 1999.'),('CET526','Lógica Fuzzy',60,4,0,1,'O projeto de pesquisa: definição; Dimensões da elaboração do projeto; Estrutura do projeto científico; Levantamento bibliográfico; Delimitação do tema e do objeto de pesquisa; Objetivos; Questões norteadoras/hipóteses; Justificativa do trabalho científico; Abordagem e metodologia; Planejamento e cronograma; Normas ABNT.','1. Elaboraçao De Projetos - Da Introduçao A Conclusao; Maria A. Consalter, IBPEX, 2006.|2. Manual de elaboração de projetos de pesquisa; Maria Moura, Maria Ferreira e Patrícia Paine, Rio de Janeiro, Ed. UERJ, 1998.|3. Metodologia científica: a construção do conhecimento, Antônio R. dos Santos, Rio de Janeiro, DP&A, 1999.|4. Metodologia científica: caderno de textos e técnicas, Leda M. Huhne (org), 7ed. Rio de Janeiro, Agir, 2000.'),('CET527','Reconhecimento de Padrões',60,4,0,1,'O projeto de pesquisa: definição; Dimensões da elaboração do projeto; Estrutura do projeto científico; Levantamento bibliográfico; Delimitação do tema e do objeto de pesquisa; Objetivos; Questões norteadoras/hipóteses; Justificativa do trabalho científico; Abordagem e metodologia; Planejamento e cronograma; Normas ABNT.','1. Elaboraçao De Projetos - Da Introduçao A Conclusao; Maria A. Consalter, IBPEX, 2006.|2. Manual de elaboração de projetos de pesquisa; Maria Moura, Maria Ferreira e Patrícia Paine, Rio de Janeiro, Ed. UERJ, 1998.|3. Metodologia científica: a construção do conhecimento, Antônio R. dos Santos, Rio de Janeiro, DP&A, 1999.|4. Metodologia científica: caderno de textos e técnicas, Leda M. Huhne (org), 7ed. Rio de Janeiro, Agir, 2000.');
/*!40000 ALTER TABLE `disciplinas` ENABLE KEYS */;
UNLOCK TABLES;

--
-- Table structure for table `dissertacoes`
--

DROP TABLE IF EXISTS `dissertacoes`;
/*!40101 SET @saved_cs_client     = @@character_set_client */;
/*!40101 SET character_set_client = utf8 */;
CREATE TABLE `dissertacoes` (
  `id` bigint(20) unsigned NOT NULL AUTO_INCREMENT,
  `turma_ano` year(4) NOT NULL,
  `ano_defesa` year(4) NOT NULL,
  `titulo` text COLLATE utf8mb4_unicode_ci NOT NULL,
  `caminho_arquivo` text COLLATE utf8mb4_unicode_ci NOT NULL,
  `docente_id` bigint(20) unsigned NOT NULL,
  `discente_id` bigint(20) unsigned NOT NULL,
  `co_orientador` varchar(191) COLLATE utf8mb4_unicode_ci NOT NULL,
  PRIMARY KEY (`id`),
  KEY `dissertacoes_docente_id_foreign` (`docente_id`),
  KEY `dissertacoes_discente_id_foreign` (`discente_id`),
  CONSTRAINT `dissertacoes_discente_id_foreign` FOREIGN KEY (`discente_id`) REFERENCES `discentes` (`id`),
  CONSTRAINT `dissertacoes_docente_id_foreign` FOREIGN KEY (`docente_id`) REFERENCES `docentes` (`id`)
) ENGINE=InnoDB AUTO_INCREMENT=117 DEFAULT CHARSET=utf8mb4 COLLATE=utf8mb4_unicode_ci;
/*!40101 SET character_set_client = @saved_cs_client */;

--
-- Dumping data for table `dissertacoes`
--

LOCK TABLES `dissertacoes` WRITE;
/*!40000 ALTER TABLE `dissertacoes` DISABLE KEYS */;
INSERT INTO `dissertacoes` VALUES (1,2013,2015,'Método Exponencial de Grades Múltiplas para Problemas de Fonte Fixa na Formulação de Ordenadas Discretas a um Grupo de Energia em Geometria Cartesiana Bidimensional','/storage/dissertacoes/201360214.pdf.pdf',3,1,''),(2,2014,2016,'Reconhecimento e classificação de padrões dinâmicos de comportamento motor em esportes coletivos','/storage/dissertacoes/201460173.pdf.pdf',12,18,''),(3,2013,2015,'Classificação de Nódulos Mamários Utilizando Cálculo de Dimensão Fractal','/storage/dissertacoes/201360218.pdf.pdf',12,3,'Francisco Bruno Souza Oliveira'),(4,2013,2015,'Modelagem de um Secador de Grãos Vertical','/storage/dissertacoes/201360219.pdf.pdf',10,4,''),(5,2014,2016,'Análise das instabilidades em plasmas cilíndricos com perfis com perfis de rotação não-uniformes','/storage/dissertacoes/201460175.pdf.pdf',8,19,'Marcelo Bento Pisani'),(6,2014,2016,'Avaliação da influência da graduação de abertos na clusterização heirárquica baseada na conexidade de grafos <i>fuzzy</i>','/storage/dissertacoes/201460174.pdf.pdf',4,23,''),(7,2013,2014,'Solução Computacional para o Estado Ligado na Frente de Luz','/storage/dissertacoes/201360221.pdf.pdf',10,5,''),(8,2016,2018,'Região de estabilidade de sistemas dinâmicos fuzzy','/storage/dissertacoes/201610140.pdf.pdf',4,47,''),(9,2013,2015,'Métodos Para Avaliação De Disponibilidade Em Sistemas De Usinas Hidrelétricas Na Geração De Energia','/storage/dissertacoes/201360222.pdf.pdf',3,6,''),(10,2013,2015,'Caracterização de Argamassas Leves Reforçadas com Fibras de Piaçava Utilizando Tomografia Computadorizada e Análise de Fourier','/storage/dissertacoes/201360223.pdf.pdf',14,7,''),(11,2013,2015,'Desenvolvimento de Servidor Web de Alto Desempenho para Soluções de Reconstrução de Árvores Filogenéticas: Igrafuweb','/storage/dissertacoes/201360224.pdf.pdf',11,8,''),(12,2013,2015,'Análise de Erros na Solução Numérica do Modelo Computacional de Difusão de Conhecimento','/storage/dissertacoes/201360225.pdf.pdf',17,9,''),(13,2013,2015,'Um modelo reológico para o escoamento do sangue humano','/storage/dissertacoes/201360227.pdf.pdf',17,10,'Marcio Antonio de Andrade Bortoloti'),(14,2013,2015,'Modelagem Computacional da Qualidade da Água do Rio Cachoeira Utilizando uma Abordagem Fuzzy','/storage/dissertacoes/201360228.pdf.pdf',7,11,'Eduardo Silva Palmeira'),(15,2014,2016,'Estudo de paralelização e desempenho de Simulações Dosimétricas de radiações GATE/Geant4','/storage/dissertacoes/201460172.pdf.pdf',6,16,''),(16,2014,2015,'Análise computacional de escoamento compressível sobre aerofólio empregando modelo de turbulência de duas equações: abordagem em regime subsônico e supersônico','/storage/dissertacoes/201460169.pdf.pdf',17,15,''),(17,2014,2000,'Paralelização de Código de aquecimento de plasmas por ondas de RF: CYRANO\nLinha de Pesquisa: Física de Plasmas, Computação Paralela','/storage/dissertacoes/201410168.pdf.pdf',8,21,''),(18,2014,2016,'Solução de Alto Desempenho para Reconstrução de Árvores Filogenéticas usando o método de máxima verossimilhança','/storage/dissertacoes/201460167.pdf.pdf',11,20,'Esbel Tomás Valero Orellana'),(19,2014,2016,'Agrupamento de transcritos gênicos, observados em experimentos de microarray,  envolvidos com a doença de Alzheimer, correlacionando expressão diferencial e fatores de transcrição','/storage/dissertacoes/201460166.pdf.pdf',18,12,''),(20,2014,2016,'Modelagem de aceleradores médicos de radioterapia utilizando o código GATE/Geant4','201460165',6,25,'Francisco Bruno Souza Oliveira'),(21,2014,2015,'Modelagem computacional de um Sistema Dinâmico-Fuzzy para análise de viabilidade: um estudo de caso do biodiesel a partir de óleo de pinhão manso','/storage/dissertacoes/201460164.pdf.pdf',7,13,''),(22,2014,2016,'Reconhecimento de Padrões em Dados de Expressão Gênica de Pacientes Portadores de Osteogênese Imperfeita.','/storage/dissertacoes/201460162.pdf.pdf',12,22,'Carla Martins Kaneto'),(23,2014,2015,'Algoritmos fuzzy para diagnóstico de qualidade de energia elétrica em níveis de baixa tensão','/storage/dissertacoes/201460161.pdf.pdf',4,17,''),(24,2014,2016,'Modelagem Termohidráulica de Sistemas Nucleares do Tipo Leito de Bolas Usando CFD','/storage/dissertacoes/201460160.pdf.pdf',3,14,''),(25,2014,2016,'Caracterização de misturas de concretos leves usando tomografia computadorizada e algoritmos de Clustering','/storage/dissertacoes/201420838.pdf.pdf',14,27,''),(26,2014,2017,'Análise de Convergência de Métodos Nodais para solução da equação de transporte de nêutrons','/storage/dissertacoes/201420841.pdf.pdf',7,29,''),(27,2014,2016,'Método Espectro Nodal de Grades Compostas para Problemas de Autovalor em Aproximação de Ordenadas Discretas em Geometria X,Y','/storage/dissertacoes/201420840.pdf.pdf',3,26,''),(28,2014,2016,'Caracterização de argamassas leves usando processamento de imagens tridimensionais e processamento paralelo','/storage/dissertacoes/201420839.pdf.pdf',14,28,''),(29,2015,2016,'Análise da separação das espécies baseada na variação de sequência ALU presente no DNA','/storage/dissertacoes/pme201503.pdf.pdf',18,41,''),(30,2015,2017,'Caracterização da resposta de um semicondutor HPGe para sua aplicação na espectrometria de transurânicos presentes em amostras de interesse ambiental','/storage/dissertacoes/201510231.pdf.pdf',19,35,'Francisco Bruno Souza Oliveira'),(31,2015,2017,'Estimativas ótimas Fuzzy para Sistemas Lineares','/storage/dissertacoes/201510232.pdf.pdf',9,40,''),(32,2015,2017,'Modelagem Computacional de Tochas de Plasma','/storage/dissertacoes/201511968.pdf.pdf',8,30,''),(33,2015,2017,'Algarítmos Array Rápidos Estendidos para Filtragem Robusta de Sistemas Singulares','/storage/dissertacoes/201511966.pdf.pdf',9,38,''),(34,2015,2017,'Desenvolvimento de uma Ferramenta de Monitoramento da Qualidade da Água Utilizando Redes Neurais','/storage/dissertacoes/201511563.pdf.pdf',7,31,'Paulo Eduardo Ambrósio'),(35,2015,2017,'Identificação de potenciais ligantes em Virtual Screening por meio de técnicas de clustering','/storage/dissertacoes/201511561.pdf.pdf',12,39,'Rodrigo Antonio Faccioli'),(36,2015,2017,'Modelo Matemático para Caracterização de Compósitos Cerâmicos de Matriz Cimentícia com Auxílio de Ultrassom, Microtomografia e Processamento de Imagens','/storage/dissertacoes/201510234.pdf.pdf',3,33,'Jose Renato dE Castro Pessoas'),(37,2015,2017,'Modelos Computacionais para Determinar Identidades Polinomiais Essencialmente Fracas Maximais em Álgebras do tipo Ma;b(E)','/storage/dissertacoes/201510245.pdf.pdf',13,37,'Francisco Bruno Souza Oliveira'),(38,2015,2017,'Estudo do controlador de estabilidade implementado no firmware Arducopter','/storage/dissertacoes/201510247.pdf.pdf',1,32,'Martha Ximena Torres Delgado'),(39,2015,2017,'Computação em nuvem para simulações de Radioterapia (Cloud Computing for Radiotheraphy Simulations)','/storage/dissertacoes/201510242.pdf.pdf',6,36,''),(40,2015,2017,'Uso de técnicas computacionais para auxílio e automatização da detecção e classificação de nódulos pulmonares','/storage/dissertacoes/201511562.pdf.pdf',12,34,''),(41,2016,2000,'Utilização de projeções ortogonais para geração de malhas computacionais.','/storage/dissertacoes/201610136.pdf.pdf',7,45,''),(42,2016,2000,'Modelando as propriedades térmicas, físicas e correlatas da amêndoa de cacau.','/storage/dissertacoes/201610139.pdf.pdf',10,46,''),(43,2015,2018,'Filtragem Robusta para sistemas singulares num cenário de fusão de dados','/storage/dissertacoes/201511966.pdf.pdf',9,38,''),(44,2016,2018,'Modelagem Dinâmica da Distribuição de Galáxias em Aglomerados com Multicomponentes','/storage/dissertacoes/201610132.pdf.pdf',1,42,''),(45,2016,2018,'Modelagem computacional do aquecimento de plasmas por ondas de rf- paralelização dos códigos cyrano e icant','/storage/dissertacoes/201610133.pdf.pdf',5,43,'Gesil Sampaio Amarante Segundo'),(46,2016,2000,'Análise e quantificação do resultado da aplicação de gel para remoção de cálculo dental em animais de pequeno porte por meio de processamento digital de imagens.','/storage/dissertacoes/201610141.pdf.pdf',12,48,''),(47,2016,2000,'Modelagem computacional de problemas de escoamento de isótopos radioativos em meios porosos utilizando técnicas de balanceamento dinâmico de carga e computação de alto desempenho.','/storage/dissertacoes/201610143.pdf.pdf',7,49,''),(48,2016,2018,'Técnicas de CFD na modelagem Termo hidráulica do núcleo de reatores de temperatura muito elevada em regimes com perda de refrigerante.','/storage/dissertacoes/201610144.pdf.pdf',3,50,'Leorlen Yunier Rojas Mazaira'),(49,2016,2018,'Implementação portável de alto desempenho para a simulação de sistemas de partículas com interação de longo alcance.','/storage/dissertacoes/201610145.pdf.pdf',5,51,'Susana Marrero Iglesias'),(50,2017,2019,'Técnicas de mineração de dados aplicadas a análise de séries temporais de dados socioeconômicos da região sul da Bahia','/storage/dissertacoes/201710279.pdf.pdf',3,52,'Paulo Eduardo Ambrósio'),(51,2017,2019,'Um método baseado no algoritmo firefly para biclustering de dados de expressão gênica','/storage/dissertacoes/201710281.pdf.pdf',12,53,''),(52,2017,2000,'Robótica educacional para o ensino do conceito de cadeias de markov','/storage/dissertacoes/201710284.pdf.pdf',11,54,''),(53,2017,2019,'Sistema web para gestão de simulações dosimétricas para radiodiagnóstico','/storage/dissertacoes/201710285.pdf.pdf',6,55,'Francisco Bruno Souza Oliveira'),(54,2017,2019,'Modelagem de um sistema de visão computacional para a classificação de amêndoas de cacau na prova de corte','/storage/dissertacoes/201710286.pdf.pdf',4,56,''),(55,2017,2019,'Modelando a difusividade térmica da amêndoa do cupuaçu','/storage/dissertacoes/201710287.pdf.pdf',14,57,'Paulo Eduardo Ambrósio'),(56,2017,2018,'Modelando a difusividade térmica da amêndoa do cupuaçu','/storage/dissertacoes/201710287.pdf.pdf',10,57,''),(57,2017,2019,'Filtragem Ótima Robusta para Sistemas Lineares num Cenário de Fusão de Dados','/storage/dissertacoes/201710289.pdf.pdf',9,59,''),(58,2017,2019,'Modelagem 3D de Imagens Tomográficas de Nódulos Pulmonares para Auxílio ao Diagnóstico','/storage/dissertacoes/201710291.pdf.pdf',14,60,'Paulo Eduardo Ambrósio'),(59,2017,2000,'Uso de características texturais para a caracterização e classificação da massa mamográfica','/storage/dissertacoes/201710292.pdf.pdf',5,61,'Marcelo Ossamu Honda'),(60,2017,2000,'Modelagem computacional da distribuição de calor em ambientes climatizados visando conforto e eficiência energética','/storage/dissertacoes/201710294.pdf.pdf',7,62,''),(61,2017,2019,'Um estudo da dinâmica populacional da lagarta falsa-medideira via equações diferenciais e sistemas fuzzy','/storage/dissertacoes/201710295.pdf.pdf',4,63,''),(62,2017,2000,'Simulação da cadeia produtiva de tubetes ecológicos','/storage/dissertacoes/201710296.pdf.pdf',17,64,'Juliano Zaffalon Gerber'),(63,2017,2019,'Aplicação da modelagem b.i.m para estudo de eficiência energética de edificações: um estudo de caso','/storage/dissertacoes/201710297.pdf.pdf',7,65,''),(64,2018,2020,'Reconstrução de rotas metabólicas de bactérias do gênero Klebsiella SPP. Como ferramenta no aprimoramento do controle biológico da mosca Ceratitis capitata (MEDFLY)','/storage/dissertacoes/201810297.pdf.pdf',2,66,''),(65,2018,2020,'Método estocástico para simulação integrada de modelos computacionais heterogêneos de sistemas biológicos','/storage/dissertacoes/201810969.pdf.pdf',12,67,'Leandro Lopes Loguercio'),(66,2018,2000,'Uma ferramenta computacional para ensino de cadeias de markov ocultas”','/storage/dissertacoes/201810968.pdf.pdf',11,68,''),(67,2018,2019,'Sistema auxiliar para secagem de grãos','/storage/dissertacoes/201810973.pdf.pdf',10,69,''),(68,2018,2020,'Regulador Linear Gaussiano para Sistemas Lineares com Entradas Desconhecidas.','/storage/dissertacoes/201810976.pdf.pdf',9,70,'Thiago Pereira das Chagas'),(69,2018,2020,'Indicador Indireto de Rotação em Aglomerados de Galáxias','/storage/dissertacoes/201810972.pdf.pdf',1,71,''),(70,2018,2000,'','/storage/dissertacoes/201810971.pdf.pdf',11,72,''),(71,2018,2000,'Algoritmo array e filtro de informação para sistemas lineares com entradas desconhecidas','/storage/dissertacoes/201810970.pdf.pdf',9,73,'Thiago Pereira das Chagas'),(72,2018,2020,'Uma metodologia para calibração estática da nintendo wii balance board e sua avaliação','/storage/dissertacoes/201810974.pdf.pdf',5,74,''),(73,2018,2019,'Implementação de algoritmos na equação integral do espalhamento quântico não relativístico','/storage/dissertacoes/201810975.pdf.pdf',10,75,''),(74,2018,2021,'MODELOS COMPUTACIONAIS PARA VERIFICAÇÃO DE IDENTIDADES POLINOMIAIS EM ÁLGEBRAS E SUAS APLICAÇÕES','/storage/dissertacoes/201811767.pdf.pdf',7,76,'Sérgio Mota Alves'),(75,2018,2000,'','/storage/dissertacoes/201810971.pdf.pdf',5,72,''),(76,2018,2000,'','/storage/dissertacoes/201810971.pdf.pdf',13,72,''),(77,2019,2021,'Desenvolvimento de ferramenta computacional tomográfica para avaliação de descontinuidades no concreto através de pulso ultrassônico','/storage/dissertacoes/201911687.pdf.pdf',3,79,'Jose Renato de Castro Pessoas'),(78,2019,2021,'Modelagem de captura de movimentos para estudo da estabilidade corporal utilizando kinect','/storage/dissertacoes/201911685.pdf.pdf',12,80,''),(79,2019,2021,'Técnicas de fluidodinâmica computacional aplicadas à otimização e simulação de sistemas de refrigeração de centros de dados de pequeno porte','/storage/dissertacoes/201911679.pdf.pdf',3,81,'Leorlen Yunier Rojas Mazaira'),(80,2019,2021,'Análise de concretos usando técnicas de clusterização e lógica fuzzy','/storage/dissertacoes/201911688.pdf.pdf',14,82,''),(81,2019,2021,'Análise do desempenho de um propulsor hall com ímãs permanentes variando a configuração do campo magnético','/storage/dissertacoes/201911686.pdf.pdf',8,83,''),(82,2019,2021,'Aplicação de técnicas de redução de dimensionalidade de dados para problemas de classificação','/storage/dissertacoes/201911680.pdf.pdf',7,84,''),(83,2019,2000,'Modelagem de uma ontologia de domínio para produtos acadêmicos dos programas credenciados pela capes','/storage/dissertacoes/201911684.pdf.pdf',7,85,''),(84,2019,2000,'Desenvolvimento de uma ferramenta web para previsão de preços de ações da bolsa de valores brasileira usando cadeias de markov ocultas','/storage/dissertacoes/201911689.pdf.pdf',11,86,''),(85,2019,2000,'Desenvolvimento de ferramenta computacional para aquisição e processamento de dados através de sistemas supervisório','/storage/dissertacoes/201911682.pdf.pdf',5,87,''),(86,2019,2021,'Caracterização de concretos leves usando processamento tridimensional de imagens de microtomografia computadorizada','/storage/dissertacoes/201911694.pdf.pdf',14,88,''),(87,2019,2021,'Método dos mínimos quadrados regularizados num cenário de fusão de dados via operadores de agregação','/storage/dissertacoes/201911693.pdf.pdf',4,89,'Gildson Queiroz de Jesus'),(88,2019,2021,'Modelagem de um sistema fuzzy para classificação de grãos por meio de imagens digitais','/storage/dissertacoes/201911695.pdf.pdf',4,90,''),(89,2019,2021,'Modelagem de um biogerador tipo marinha para análise de viabilidade de autonomia energética em uma fazenda de cacau','/storage/dissertacoes/201911691.pdf.pdf',10,91,''),(90,2019,2021,'Regulador linear quadrático com ação integral e rejeição de distúrbios externos para sistemas lineares sujeitos a saltos markovianos','/storage/dissertacoes/201911696.pdf.pdf',9,92,'Thiago Pereira das Chagas'),(91,2020,2000,'Robótica educacional no ensino de programação e eletrônica para jovens do ensino médio','/storage/dissertacoes/202010147.pdf.pdf',11,93,''),(92,2020,2000,'Controle ótimo por modos deslizantes para sistemas lineares sujeitos a entradas desconhecidas','/storage/dissertacoes/202010149.pdf.pdf',9,94,''),(93,2020,2000,'Processamento de imagens digitais aplicado ao controle do fluxo de pessoas numa determinada área','/storage/dissertacoes/202010151.pdf.pdf',4,95,''),(94,2020,2000,'Utilização de técnicas computacionais para análise de imagens histopatológicas visando apoiar o diagnóstico do câncer de mama','/storage/dissertacoes/202010152.pdf.pdf',12,96,''),(95,2020,2000,'Aplicação de deep learning na reconstrução de imagens mamográficas de baixa dose','/storage/dissertacoes/202010146.pdf.pdf',12,97,''),(96,2020,2000,'Técnicas computacionais aplicadas à análise de séries temporais de dados socioeconômicos e de segurança pública da microrregião Ilhéus - Itabuna','/storage/dissertacoes/202010155.pdf.pdf',3,99,''),(97,2020,2000,'Processamento de Sinais de Pulso Ultrassônico para a De-terminação de Propriedades Mecânicas de Concretos','/storage/dissertacoes/202010159.pdf.pdf',14,100,'Jose Renato de Castro Pessoas'),(98,2020,2000,'Modelagem e Análise do coeficiente de adensamento do solo','/storage/dissertacoes/202010150.pdf.pdf',4,101,''),(99,2020,2000,'Análise da eficiência energética de painéis fotovoltaicos através de modelagem computacional','/storage/dissertacoes/202010154.pdf.pdf',8,102,''),(100,2020,2000,'Otimização de Matrizes de Concreto para Secagem de Amêndoas de Cacau Utilizando Técnicas de Modelagem Computacional','/storage/dissertacoes/202010157.pdf.pdf',3,103,''),(101,2020,2000,'Modelagem de desempenho de pás eólicas com adição de materiais compósitos','/storage/dissertacoes/202010158.pdf.pdf',8,104,''),(102,2020,2000,'Desenvolvimento de um pipeline em Python para análise da evolução de galáxias, na periferia de aglomerados, ao longo do tempo','/storage/dissertacoes/202010145.pdf.pdf',1,105,''),(103,2020,2000,'Otimização multiparamétrica de configurações de hardware para cargas de trabalho em computação de grande porte','/storage/dissertacoes/202010148.pdf.pdf',5,106,''),(104,2021,2000,'Modelagem e design de chassis de servidores orientados a eficiência energética','/storage/dissertacoes/202110317.pdf.pdf',7,107,''),(105,2021,2000,'Sistemas inteligentes aplicados a automação de estufas para secagem de amêndoas de cacau','/storage/dissertacoes/202110318.pdf.pdf',4,108,''),(106,2021,2000,'Sistema para detecção de falhas no processo de montagem de PCBs: classificação de soldas utilizando a distância de Mahalanobis','/storage/dissertacoes/202110320.pdf.pdf',5,109,''),(107,2021,2000,'Processamento de Sinais de Pulso Ultrassónico para Identificação de Materiais Cimentícios com Diferentes Composições','/storage/dissertacoes/202110321.pdf.pdf',14,110,''),(108,2021,2000,'Modelagem Computacional Multifísica de Reatores Nucleares de Pequeno Porte através do Acoplamento dos Códigos Serpent e Openfoam','/storage/dissertacoes/202110323.pdf.pdf',3,111,''),(109,2021,2000,'Análise da Pandemia Covid-19 na região sul da Bahia usando o método de k-means clustering','/storage/dissertacoes/202110324.pdf.pdf',11,112,''),(110,2021,2000,'Paralelismo de Modelos Computacionais via Funções de Agregação Aplicado a Problemas Envolvendo Poucos Dados','/storage/dissertacoes/202110325.pdf.pdf',16,113,'Gildson Queiroz de Jesus'),(111,2021,2000,'Estimação de estados num cenário de fusão de dados via operadores de agregação','/storage/dissertacoes/202110326.pdf.pdf',9,114,'Eduardo Silva Palmeira'),(112,2021,2000,'Regulador quadrático linear com restrições de desigualdade aplicado a sistemas fotovoltaicos','/storage/dissertacoes/202110327.pdf.pdf',9,116,'Thiago Pereira das Chagas'),(113,2021,2000,'Acesso otimizado dos catálogos pancromáticos abrangentes para uso em astrofísica extragaláctica','/storage/dissertacoes/202110328.pdf.pdf',1,117,''),(114,2018,2000,'','/storage/dissertacoes/201810971.pdf.pdf',11,72,''),(115,2021,2000,'Desenvolvimento de uma ferramenta inteligente de monitoramento de hardware e gerenciamento de falhas em tempo real','/storage/dissertacoes/202110331.pdf.pdf',7,119,''),(116,2021,2000,'Detecção e identificação de leucemia aguda por meio da aplicação de técnicas de Deep Learning','/storage/dissertacoes/202110841.pdf.pdf',12,120,'');
/*!40000 ALTER TABLE `dissertacoes` ENABLE KEYS */;
UNLOCK TABLES;

--
-- Table structure for table `docentes`
--

DROP TABLE IF EXISTS `docentes`;
/*!40101 SET @saved_cs_client     = @@character_set_client */;
/*!40101 SET character_set_client = utf8 */;
CREATE TABLE `docentes` (
  `id` bigint(20) unsigned NOT NULL AUTO_INCREMENT,
  `nome` varchar(191) COLLATE utf8mb4_unicode_ci NOT NULL,
  `sobrenome` varchar(191) COLLATE utf8mb4_unicode_ci NOT NULL,
  `sexo` tinyint(1) NOT NULL,
  `foto` varchar(191) COLLATE utf8mb4_unicode_ci NOT NULL,
  `titulo_id` bigint(20) unsigned NOT NULL,
  `formacao` varchar(191) COLLATE utf8mb4_unicode_ci NOT NULL,
  `instituto_formacao` varchar(191) COLLATE utf8mb4_unicode_ci NOT NULL,
  `ano_formacao` year(4) NOT NULL,
  `email` varchar(191) COLLATE utf8mb4_unicode_ci NOT NULL,
  `areas_atuacao` text COLLATE utf8mb4_unicode_ci NOT NULL,
  `curriculo_intro` text COLLATE utf8mb4_unicode_ci NOT NULL,
  `curriculo_link` varchar(191) COLLATE utf8mb4_unicode_ci NOT NULL,
  `categoria_id` bigint(20) unsigned NOT NULL,
  PRIMARY KEY (`id`),
  KEY `docentes_titulo_id_foreign` (`titulo_id`),
  KEY `docentes_categoria_id_foreign` (`categoria_id`),
  CONSTRAINT `docentes_categoria_id_foreign` FOREIGN KEY (`categoria_id`) REFERENCES `categorias` (`id`),
  CONSTRAINT `docentes_titulo_id_foreign` FOREIGN KEY (`titulo_id`) REFERENCES `titulos` (`id`)
) ENGINE=InnoDB AUTO_INCREMENT=20 DEFAULT CHARSET=utf8mb4 COLLATE=utf8mb4_unicode_ci;
/*!40101 SET character_set_client = @saved_cs_client */;

--
-- Dumping data for table `docentes`
--

LOCK TABLES `docentes` WRITE;
/*!40000 ALTER TABLE `docentes` DISABLE KEYS */;
INSERT INTO `docentes` VALUES (1,'Andre','Luis Batista Ribeiro',1,'/storage/docentes-ppgmc/andre.jpg',3,'Astrofísica','Instituto Nacional de Pesquisas Espaciais',1997,'albriba@gmail.com','Astronomia/Astrofísica Extragalactica/Aglomerados de Galáxias|Astronomia/Astrofísica Extragalactica/Galáxias|Astronomia/Astrofísica Extragalactica/Cosmologia','Possui graduação em Astronomia pela Universidade Federal do Rio de Janeiro(1992), mestrado em Astrofísica pelo Instituto Nacional de Pesquisas Espaciais(1994), doutorado em Astrofísica pelo Instituto Nacional de Pesquisas Espaciais(1997), pós-doutorado pela Universidade Estadual de Campinas(2002), pós-doutorado pelo Instituto Nacional de Pesquisas Espaciais(2008) e pós-doutorado pela Fermilab(2009). Atualmente é professor titular da Universidade Estadual de Santa Cruz, Professor Pleno da Universidade Estadual de Santa Cruz, Revisor de periódico da Astronomy & Astrophysics (Berlin. Print), Revisor de periódico da Monthly Notices of the Royal Astronomical Society (Print), Revisor de projeto','http://lattes.cnpq.br/3417734567782570',1),(2,'César','Alberto Bravo Pariente',1,'',3,'Engenharia Elétrica','Universidade de São Paulo',2004,'cesarabravop@ieee.org','Ciência da Computação/Sistemas de Computação/Teleinformática|Ciência da Computação/Sistemas de Computação/Software Básico|Ciência da Computação/Sistemas de Computação/Arquitetura de Sistemas de Computação','Possui graduação em Investigación Operativa - Universidad Nacional Mayor de San Marcos (1989), mestrado em Ciências, Área de Concentração: Matemática Aplicada (Combinatória) pela Universidade de São Paulo (1996) e doutorado em Engenharia Elétrica, (Área de Concentração: Sistemas Digitais) pela Universidade de São Paulo (2004). É revisor da Revista IEEE América Latina Transactions e tem experiência na área de Ciência da Computação, Teleinformática, atuando principalmente nos seguintes temas: Processamento Digital de Imagens, Computação de alto desempenho, Adaptive Automata, Regulated Rewriting, Compiler Construction.','http://lattes.cnpq.br/5785651071977693',1),(3,'Dany','Sanchez Dominguez',1,'/storage/docentes-ppgmc/dany.jpg',3,'Modelagem Computacional','Universidade do Estado do Rio de Janeiro',2006,'dsdominguez@gmail.com','Ciência da Computação/Matemática da Computação/Modelos Analíticos e de Simulação|Engenharia Nuclear/Tecnologia dos Reatores/Núcleo do Reator|Matemática/Matemática Aplicada/Análise Numérica|Ciência da Computação/Metodologia e Técnicas da Computação/Linguagens de Programação|Ciência da Computação/Sistemas de Computação/Software Básico|Ciência da Computação/Metodologia e Técnicas da Computação/Banco de Dados','Possui graduação em Engenharia Nuclear pelo Instituto Superior de Ciencias y Tecnologias Nucleares (1998), mestrado em Instalações Energéticas y Nucleares pelo Instituto Superior de Ciencias y Tecnologias Nucleares (2000) e doutorado em Modelagem Computacional pela Universidade do Estado do Rio de Janeiro (2006). Atualmente é professor adjunto do Departamento de Ciências Exatas e Tecnologicas da Universidade Estadual de Santa Cruz. Tem experiência nas áreas de Modelagem computacional, Engenharia Nuclear e Matemática Aplicada.','http://lattes.cnpq.br/1838276397621049',1),(4,'Eduardo','Silva Palmeira',1,'/storage/docentes-ppgmc/eduardo.jpg',3,'Sistemas e Computação','Universidade Federal do Rio Grande do Norte',2013,'espalmeira@gmail.com','Matemática|Matemática/Álgebra|Matemática/Geometria e Topologia/Topologia Algébrica|Ciência da Computação/Matemática da Computação|Matemática/Matemática Aplicada','É Bacharel em Matemática pela Universidade Estadual de Santa Cruz (2002) e mestre em Matemática pela Universidade Federal de São Carlos (2005) e doutor em Sistemas e Computação pela Universidade Federal do Rio Grande do Norte com período sanduíche na Universidad Pública de Navarra, Pamplona-Espanha (2013). Tem experiência na área de matemática pura e aplicada, com ênfase em topologia, homotopia e operadores fuzzy.','http://lattes.cnpq.br/9061067320839776',1),(5,'Esbel','Tomás Valero Orellana',1,'/storage/docentes-ppgmc/esbel.gif',3,'Modelagem Computacional','Laboratorio Nacional de Computação Científica',2008,'valero.esbel@gmail.com','Ciência da Computação/Metodologia e Técnicas da Computação/Linguagens de Programação|Ciência da Computação/Computação de Alto Desempenho|Ciência da Computação/Programação Paralela|Ciência da Computação/Análise Numérica|Ciência da Computação/Modelagem de Fenômenos Biológicos|Ciência da Computação/Software Básico','Possui graduação em Ingeniería Nuclear pelo Instituto Superior de Ciencias y Tecnología Nuclear(1995), mestrado em Modelagem Computacional pela Universidade do Estado do Rio de Janeiro(2000) e doutorado em Modelage Computacional pelo Laboratorio Nacional de Computação Científica(2008). Atualmente é Professor Adjunto da Universidade Estadual de Santa Cruz. Tem experiência na área de Ciência da Computação, com ênfase em Matemática da Computação. Atuando principalmente nos seguintes temas:difusão, potencial de membrana, histamina, mastócitos.','http://lattes.cnpq.br/8384020879567133',1),(6,'Felix','Mas Milian',1,'/storage/docentes-ppgmc/felix.gif',3,'Física','Universidade de São Paulo',2006,'f.mas.milian@gmail.com','Física/Física Médica|Engenharia Elétrica/Eletrônica Industrial, Sistemas e Controles Eletrônicos/Controle de Processos Eletrônicos, Retroalimentação|Ciência da Computação/Metodologia e Técnicas da Computação/Processamento Gráfico (Graphics)|Biofísica/Biofísica Molecular','Possui graduação em Fisica Nuclear pelo Instituto Superior de Ciencias y Tecnologia Nucleares. Cuba (2001), mestrado em Fisica Nuclear pelo Instituto Superior de Ciencias y Tecnologia Nucleares. Cuba (2002) e doutorado em Física pela Universidade de São Paulo (2002-2006). Pós-Doutorado na Universidade Estadual de Santa Cruz (2006-2008). Professor adjunto da Universidade Estadual de Santa Cruz desde 2008. Atualmente realiza, estagio de Pós-Doutorado no Istituto Nazionale di Fisica Nucleare (INFN), seção de Turim, Itália (2011-atual)','http://lattes.cnpq.br/5803464064476531',1),(7,'Francisco','Bruno Souza Oliveira',1,'/storage/docentes-ppgmc/francisco.gif',3,'Modelagem Computacional','Universidade do Estado do Rio de Janeiro',2007,'fbsoliveira@uesc.br','Ciência da Computação/Modelagem Computacional|Engenharia Biomédica/Modelos Analíticos e de Simulação|Engenharia Nuclear/Transporte de Partículas Neutras|Ciência da Computação/Metodologia e Técnicas da Computação/Linguagens de Programação|Ciência da Computação/Matemática da Computação','Licenciado em Matematica pela Universidade Federal Rural do Rio de Janeiro (1996), Bacharel em Matematica pela Universidade Federal Rural do Rio de Janeiro (1997), Mestre em Modelagem Computacional pela Universidade do Estado do Rio de Janeiro (2001) e Doutor em Modelagem Computacional pela Universidade do Estado do Rio de Janeiro (2007). Atualmente é professor assistente da Universidade Estadual de Santa Cruz. Tem experiência na área de Matemática, com ênfase em Análise Numérica, atuando principalmente nos seguintes temas','http://lattes.cnpq.br/0087804302005744',1),(8,'Gesil','Sampaio Amarante Segundo',1,'/storage/docentes-ppgmc/gesil.gif',3,'Física','Universidade de São Paulo',2000,'gsamarante@uesc.br','Física/Física dos Fluídos, Física de Plasmas e Descargas Elétricas/Física de Plasmas e Descargas Elétricas|Ciência da Computação|Administração/Gestão da Inovação|Direito/Propriedade Intelectual','Possui graduação em Física - Bacharelado pela Universidade Federal do Rio de Janeiro (1993), mestrado em Física pela Universidade de São Paulo (1996) e doutorado em Física pela Universidade de São Paulo (2000). Atualmente é professor adjunto da Universidade Estadual de Santa Cruz. Tem experiência na área de Física, com ênfase em Física de Plasmas e Descargas Elétricas, atuando principalmente nos seguintes temas: plasmas, antenas de rf, aquecimento e geração de fluxos por ondas de Alfvén e Computação de Alto Desempenho','http://lattes.cnpq.br/2560106052820991',1),(9,'Gildson','Queiroz de Jesus',1,'/storage/docentes-ppgmc/gildson.jpg',3,'Engenharia Elétrica','Universidade de São Paulo em São Carlos',2011,'gildsonj@gmail.com','Matemática/Matemática Aplicada|Matemática.','Possui graduação em Bacharelado em Matemática pela Universidade Estadual de Santa Cruz (2003), Mestrado em Engenharia Elétrica pela Universidade de São Paulo em São Carlos (2007) e Doutorado em Ciências (Programa de Engenharia Elétrica) pela Universidade de São Paulo em São Carlos (2011). Atualmente é professor adjunto na Universidade Estadual de Santa Cruz. Tem experiência na área de Matemática, com ênfase em Matemática Aplicada, atuando principalmente nos seguintes temas: Teoria de Controle e Filtragem de Sistemas Dinâmicos.','http://lattes.cnpq.br/7122524744613697',1),(10,'Jorge','Henrique de Oliveira Sales',1,'/storage/docentes-ppgmc/jorge.jpg',3,'Física Nuclear','Instituto Tecnológico de Aeronáutica-ITA',2000,'jhosales@uesc.br','Física/Física Nuclear|Física/Física das Partículas Elementares e Campos|Matemática/Matemática Aplicada|Matemática/Modelagem Matemática Computacional em Ciência e Tecnologia|Engenharia Biomédica/Engenharia Médica','Bacharel em Física pela Universidade Federal do Pará, Mestre em Teoria de Campos em Espaço Curvo pelo Instituto de Física Teórica de São Paulo- UNESP e Doutor em Física Nuclear pelo Instituto Tecnológico de Aeronáutica-ITA. Pós-Doutor em Física Teórica pelo Instituto de Física Teórica-UNESP. Atualmente é Professor Adjunto da Universidade Estadual de Santa Cruz. Avaliador científicos da SBPC - Sociedade Brasileira para o Progresso Ciência e Avaliador do Sistema de Avaliação para Ensino Superior','http://lattes.cnpq.br/9205464082942072',1),(11,'Martha','Ximena Torres Delgado',0,'',3,'Engenharia Elétrica','Escola Politécnica da Universidade de São Paulo',1999,'mxtd2000@yahoo.com.br','Ciência da Computação/Sistemas de Computação/Arquitetura de Sistemas de Computação|Ciência da Computação/Sistemas de Computação/Software Básico|Ciência da Computação/Metodologia e Técnicas da Computação/Processamento Paralelo','Possui graduação em Engenharia Eletrica - Universidad Del Valle (1991), mestrado em Engenharia Elétrica pela Universidade de São Paulo (1994) e doutorado em Engenharia Elétrica pela Universidade de São Paulo (1999). Atualmente é professor adjunto da Universidade Estadual de Santa Cruz. Tem experiência na área de Ciência da Computação, com ênfase em Arquitetura de Sistemas de Computação, atuando principalmente nos seguintes temas: processamento paralelo, sistemas embarcados, bioinformática, análise de desempenho e reconstrução de arvores filogeneticas','http://lattes.cnpq.br/5466915298318577',1),(12,'Paulo','Eduardo Ambrósio',1,'/storage/docentes-ppgmc/paulo.gif',3,'Ciências Médicas','Faculdade de Medicina de Ribeirão Preto Universidade de São Paulo',2007,'peambrosio@uesc.br','Ciência da Computação/Metodologia e Técnicas da Computação/Reconhecimento de Padrões|Engenharia Biomédica/Biologia Computacional|Ciência da Computação/Metodologia e Técnicas da Computação/Inteligência Artificial|Engenharia Biomédica/Saúde Digital','Natural de Franca/SP. Possui Graduação em Processamento de Dados pela Universidade de Franca (1989), Graduação em Física - Licenciatura Plena pela Universidade de Franca (1999); Especialização em Análise de Sistemas (1993); Mestrado em Física Aplicada à Medicina e Biologia pela Universidade de São Paulo (FFCLRP, 2002); Doutorado em Ciências Médicas pela Universidade de São Paulo (FMRP, 2007). Atualmente é Professor Assistente na Universidade Estadual de Santa Cruz (UESC), junto ao Departamento de Ciências Exatas e Tecnológicas (DCET)','http://lattes.cnpq.br/5034444360451621',1),(13,'Sergio','Mota Alves (In Memoriam)',1,'/storage/docentes-ppgmc/sergio.gif',3,'Matemática','Universidade Estadual de Campinas',2006,'smalves@uesc.br','Matemática/Matemática Aplicada/Matemática Discreta e Combinatória|Matemática/Álgebra/Álgebras com Identidades Polinomiais','Possui graduação em Bacharel Em Matemática pela Universidade Federal da Paraíba (1991), mestrado em Matemática pela Universidade Federal de Pernambuco (1993) e doutorado em Matemática pela Universidade Estadual de Campinas (2006). Atualmente é professor titular A da Universidade Estadual de Santa Cruz. Tem experiência na área de Matemática, com ênfase em álgebra não-comutativa, atuando principalmente nos seguintes temas: Álgebras com Identidades polinomiais e Dimensão de Gelfand-Kirillov de álgebras T-primas.','http://lattes.cnpq.br/3225963678857568',1),(14,'Susana','Marrero Iglesias',0,'',3,'Modelagem Computacional','Universidade do Estado do Rio de Janeiro',2008,'smiglesias@uesc.br','Ciência da Computação/Processamento de Sinais e Imagens|Ciência da Computação/Engenharia de Materiais e Metalúrgica|Ciência da Computação/Metodologia e Técnicas da Computação|Ciência da Computação/Modelos Analíticos e de Simulação|Ciência da Computação/Análise Numérica','Formada em Ciencia da Computação - Universidad de la Habana (1998) , mestrado em Modelagem Computacional pela Universidade do Estado do Rio de Janeiro (2005) e doutorado em Modelagem Computacional pela Universidade do Estado de Rio de Janeiro (2008). Atualmente é professora adjunta da Universidade Estadual de Santa Cruz. Trabalha com Modelos Analíticos e de Simulação, atuando principalmente nos seguintes temas: ciencia dos materiais, tensões residuais e difração de raios x.','http://lattes.cnpq.br/4221004979116020',1),(15,'Marcos','Rodrigo Trindade Pinheiro Menuchi',1,'/storage/docentes-ppgmc/menuchi.jpg',3,'Educação Física','Universidade Federal de Santa Catarina',2016,'mmuesc@gmail.com','Educação Física/Comportamento Motor|Educação Física/Coordenação e controle de movimentos','Coordena o Grupo de Estudos e Pesquisa em Comportamento Motor - GEPECOM. É membro do Comitê de Ética em Pesquisa com Seres Humanos CEP/UESC e do Núcleo de inovação Tecnológica NIT/UESC. As atividades científicas estão voltadas para os seguintes temas: modelagem computacional do movimento humano, neuromecânica, sistemas dinâmicos complexos, comportamento motor, coordenação e controle de movimento, sinergias do movimento, reconhecimento e identificação de padrões, técnicas de buffering, análise network e mapeamento de cluster voltado para medição da atividade física relacionada a Saúde e ao Desempenho.','http://lattes.cnpq.br/4491943206989860',2),(16,'Thiago','Pereira das Chagas',1,'',3,'Engenharia Eletrônica e Computação','Instituto Tecnológico de Aeronáutica / Université Paris-Sud',2013,'tpchagas@uesc.br','Engenharia Elétrica/Eletrônica Industrial, Sistemas e Controles Eletrônicos/Controle de Processos Eletrônicos, Retroalimentação|Ciência da Computação/Matemática da Computação/Modelos Analíticos e de Simulação|Engenharias/Engenharia Elétrica/Circuitos Elétricos, Magnéticos e Eletrônicos/Circuitos Eletrônicos|Engenharias/Engenharia Elétrica/Medidas Elétricas, Magnéticas e Eletrônicas; Instrumentação/Sistemas Eletrônicos de Medida e de Controle|Engenharias/Engenharia Biomédica/Bioengenharia/Processamento de Sinais Biológicos|Engenharias/Engenharia Elétrica/Inteligência Artificial','Tem experiência na área de Engenharia Elétrica, com ênfase em Controle de Processos Eletrônicos, Retroalimentação, atuando principalmente nos seguintes temas: sistemas chaveados, simulação numérica, controle não-linear, órbitas periódicas e sistemas dinâmicos não-lineares.','http://lattes.cnpq.br/8972879249813528',2),(17,'Flávio','Pietrobon Costa',1,'/storage/docentes-ppgmc/flavio.gif',3,'Modelagem Computacional','Laboratório Nacional de Computação Científica, LNCC',2009,'pietrobon.costa@pq.cnpq.br','Engenharia Civil / Estruturas/ Mecânica Computacional. | Engenharia Civil / Estruturas/ Mecânica das Estruturas. | Engenharia Civil / Estruturas/ Mecânica dos Sólidos. | Engenharia Civil / Engenharia Hidráulica/ Fluidodinâmica. | Engenharia de Produção / Gestão de Informação e do Conhecimento/ Inovação e Conhecimento. | Engenharia Sanitária / Reciclagem de RSU e REEE.','Pesquisador motivado por temas da modelagem computacional e multidisciplinares. Empreendedor de StartUps no Ecossistema Bahia-Sergipe, mentor e coordenador de transferência tecnológica, de conhecimento e inovação, da Academia para a Sociedade, via fundação e orientação de StartUps. Doutor em Modelagem Computacional (2009), com concentração em fluidodinâmica computacional, pelo Laboratório Nacional de Computação Científica, LNCC, unidade de pesquisa do Ministério da Ciência e Tecnologia (MCT).','http://lattes.cnpq.br/2383628271548614',5),(18,'Luciano','Angelo de Souza Bernardes',1,'',3,'Genética','Faculdade de Medicina de Ribeirão Preto - USP, FMRP-USP',2010,'','Ciências Biológicas / Genética / BIOINFORMÁTICA. | Ciências Exatas e da Terra / Ciência da Computação / Metodologia e Técnicas da Computação/ Linguagens de Programação. | Ciências Biológicas / Genética.','Possui graduação em Análise de Sistemas pela Universidade de Ribeirão Preto (2000) e mestrado em Biociências Aplicadas à Farmácia pela FCFRP-USP (2005). Em 2010, concluiu doutorado pelo Departamento de Genética da FMRP-USP. Atualmente é professor adjunto da UESC-BA, junto ao Departamento de Ciências Exatas e Tecnológicas (DCET), atuando na área da Bioinformática. Tem experiência na área de computação aplicada à biologia, nos seguintes temas: análise e processamento de sequências nucleotídicas, ferramentas de bioinformática, pipelines, eucariotos simples, ESTs e expressão gênica.','http://lattes.cnpq.br/6096624359077545',5),(19,'Maria','Victoria Manso Guevara',0,'',3,'Física','Universidade de São Paulo, USP',2002,'','Ciências Exatas e da Terra / Física. | Ciências Exatas e da Terra / Física / Física Nuclear. | Engenharias / Engenharia Nuclear.','Possui graduação como Engenheira em Energética Nuclear pelo Instituto Superior de Ciências e Tecnologias Nucleares (1988-Havana Cuba), mestrado em Instalações Energéticas e Nucleares pelo Instituto Superior de Ciências e Tecnologias Nucleares (1998-Havana Cuba) e doutorado em Física pela Universidade de São Paulo (2002). Foi Professora do Departamento de Fisica Nuclear do Instituto Superior de Ciências e Tecnologias Nucleares na Havana (1996-2007) e Professora Adjunta da Área de Física do Departamento de Ciências Exatas da UESC (2008-2017) no Brasil. Além de experiência no mundo acadêmico possui quatro anos de experiência como Oficial de Proteção Radiologica no Centro de Isotopos (1990-1994).','http://lattes.cnpq.br/7196165938116027',5);
/*!40000 ALTER TABLE `docentes` ENABLE KEYS */;
UNLOCK TABLES;

--
-- Table structure for table `egressos`
--

DROP TABLE IF EXISTS `egressos`;
/*!40101 SET @saved_cs_client     = @@character_set_client */;
/*!40101 SET character_set_client = utf8 */;
CREATE TABLE `egressos` (
  `id` bigint(20) unsigned NOT NULL AUTO_INCREMENT,
  `tipo` varchar(191) COLLATE utf8mb4_unicode_ci NOT NULL,
  PRIMARY KEY (`id`)
) ENGINE=InnoDB AUTO_INCREMENT=5 DEFAULT CHARSET=utf8mb4 COLLATE=utf8mb4_unicode_ci;
/*!40101 SET character_set_client = @saved_cs_client */;

--
-- Dumping data for table `egressos`
--

LOCK TABLES `egressos` WRITE;
/*!40000 ALTER TABLE `egressos` DISABLE KEYS */;
INSERT INTO `egressos` VALUES (1,'Desligado'),(2,'Sim'),(3,'Não'),(4,'Abandono');
/*!40000 ALTER TABLE `egressos` ENABLE KEYS */;
UNLOCK TABLES;

--
-- Table structure for table `gestao_comissao_bolsas`
--

DROP TABLE IF EXISTS `gestao_comissao_bolsas`;
/*!40101 SET @saved_cs_client     = @@character_set_client */;
/*!40101 SET character_set_client = utf8 */;
CREATE TABLE `gestao_comissao_bolsas` (
  `id` bigint(20) unsigned NOT NULL AUTO_INCREMENT,
  `ano_inicio` year(4) NOT NULL,
  `ano_fim` year(4) NOT NULL,
  `presidente` varchar(191) COLLATE utf8mb4_unicode_ci NOT NULL,
  `representante_docente` varchar(191) COLLATE utf8mb4_unicode_ci NOT NULL,
  `representante_discente` varchar(191) COLLATE utf8mb4_unicode_ci NOT NULL,
  PRIMARY KEY (`id`)
) ENGINE=InnoDB AUTO_INCREMENT=6 DEFAULT CHARSET=utf8mb4 COLLATE=utf8mb4_unicode_ci;
/*!40101 SET character_set_client = @saved_cs_client */;

--
-- Dumping data for table `gestao_comissao_bolsas`
--

LOCK TABLES `gestao_comissao_bolsas` WRITE;
/*!40000 ALTER TABLE `gestao_comissao_bolsas` DISABLE KEYS */;
INSERT INTO `gestao_comissao_bolsas` VALUES (1,2013,2015,'Francisco Bruno Souza Oliveira','Susana Marrero Iglesias','Anderson Souza Oliveira Aguiar'),(2,2015,2017,'Francisco Bruno Souza Oliveira','Susana Marrero Iglesias','Thaise Santos Silva'),(3,2017,2018,'Dany Sanchez Dominguez','Jorge Henrique de Oliveira Sales','Thiago Messias Evangelista'),(4,2018,2018,'Paulo Eduardo Ambrósio','Jorge Henrique de Oliveira SalesSusana Marrero Iglesias','Fabilone dos Santos Silva'),(5,2018,2021,'Francisco Bruno Souza Oliveira','Gildson Queiroz de Jesus','Frederico Chaves Carvalho');
/*!40000 ALTER TABLE `gestao_comissao_bolsas` ENABLE KEYS */;
UNLOCK TABLES;

--
-- Table structure for table `gestao_equipes`
--

DROP TABLE IF EXISTS `gestao_equipes`;
/*!40101 SET @saved_cs_client     = @@character_set_client */;
/*!40101 SET character_set_client = utf8 */;
CREATE TABLE `gestao_equipes` (
  `id` bigint(20) unsigned NOT NULL AUTO_INCREMENT,
  `ano_inicio` year(4) NOT NULL,
  `ano_fim` year(4) NOT NULL,
  `portaria_gestao_link` varchar(191) COLLATE utf8mb4_unicode_ci NOT NULL,
  `portaria_gestao_numero` int(11) NOT NULL,
  `coordenacao` text COLLATE utf8mb4_unicode_ci NOT NULL,
  `representantes_docentes` text COLLATE utf8mb4_unicode_ci NOT NULL,
  `portaria_discentes_link` varchar(191) COLLATE utf8mb4_unicode_ci NOT NULL,
  `portaria_discentes_numero` int(11) NOT NULL,
  `representantes_discentes` text COLLATE utf8mb4_unicode_ci NOT NULL,
  PRIMARY KEY (`id`)
) ENGINE=InnoDB AUTO_INCREMENT=6 DEFAULT CHARSET=utf8mb4 COLLATE=utf8mb4_unicode_ci;
/*!40101 SET character_set_client = @saved_cs_client */;

--
-- Dumping data for table `gestao_equipes`
--

LOCK TABLES `gestao_equipes` WRITE;
/*!40000 ALTER TABLE `gestao_equipes` DISABLE KEYS */;
INSERT INTO `gestao_equipes` VALUES (1,2012,2014,'http://www.uesc.br/publicacoes/portarias/11.2012/1748.rtf',1748,'Francisco Bruno Souza Oliveira|Dany Sanchez Dominguez','Paulo Eduardo Ambrósio|Luciano Angelo de Souza Bernardes|Jorge Henrique de Oliveira Sales|Susana Marrero Iglesias','http://www.uesc.br/publicacoes/portarias/03.2013/348.rtf',348,'Anderson Souza Oliveira Aguiar|Silvana Santos Amorim'),(2,2014,2016,'http://nbcgib.uesc.br/ppgmc/www.uesc.br/publicacoes/portarias/10.2014/1400.rtf',1400,'Francisco Bruno Souza Oliveira|Dany Sanchez Dominguez','Paulo Eduardo Ambrósio|Luciano Angelo de Souza Bernardes|Gesil Sampaio Amarante Segundo|Susana Marrero Iglesias','',0,'Thaise Santos Silva|Emico Ferreira Santana'),(3,2016,2017,'http://www.uesc.br/publicacoes/portarias/11.2016/1344.pdf',1344,'Dany Sanchez Dominguez|Paulo Eduardo Ambrósio','Francisco Bruno Souza Oliveira|Jorge Henrique de Oliveira Sales|Martha Ximena Torres Delgado|Susana Marrero Iglesias','',0,'Thiago Messias Evangelista|Léo Rodrigues Biscassi'),(4,2017,2018,'http://www.uesc.br/publicacoes/portarias/08.2017/974.pdf',974,'Paulo Eduardo Ambrósio|Francisco Bruno Souza Oliveira','Eduardo Silva Palmeira|Esbel Tomás Valero Orellana|Jorge Henrique de Oliveira Sales|Martha Ximena Torres Delgado','',0,'Thiago Messias Evangelista|Fabilone dos Santos Silva'),(5,2018,2020,'http://www.uesc.br/publicacoes/portarias/11.2018/1222.pdf',1222,'Francisco Bruno Souza Oliveira|Paulo Eduardo Ambrósio','Cesar Bravo Pariente|Esbel Tomás Valero Orellana|Gildson Queiroz de Jesus|Martha Ximena Torres Delgado','',0,'Fabilone dos Santos Silva|Frederico Chaves Carvalho');
/*!40000 ALTER TABLE `gestao_equipes` ENABLE KEYS */;
UNLOCK TABLES;

--
-- Table structure for table `grupos_pesquisas`
--

DROP TABLE IF EXISTS `grupos_pesquisas`;
/*!40101 SET @saved_cs_client     = @@character_set_client */;
/*!40101 SET character_set_client = utf8 */;
CREATE TABLE `grupos_pesquisas` (
  `id` bigint(20) unsigned NOT NULL AUTO_INCREMENT,
  `grupo` varchar(191) COLLATE utf8mb4_unicode_ci NOT NULL,
  `lider` varchar(191) COLLATE utf8mb4_unicode_ci NOT NULL,
  `descricao` text COLLATE utf8mb4_unicode_ci NOT NULL,
  `link_dgp_cnpq` varchar(191) COLLATE utf8mb4_unicode_ci NOT NULL,
  PRIMARY KEY (`id`)
) ENGINE=InnoDB AUTO_INCREMENT=6 DEFAULT CHARSET=utf8mb4 COLLATE=utf8mb4_unicode_ci;
/*!40101 SET character_set_client = @saved_cs_client */;

--
-- Dumping data for table `grupos_pesquisas`
--

LOCK TABLES `grupos_pesquisas` WRITE;
/*!40000 ALTER TABLE `grupos_pesquisas` DISABLE KEYS */;
INSERT INTO `grupos_pesquisas` VALUES (1,'Grupo 01','Fulano de tal','Lorem ipsum dolor sit amet, consectetur adipiscing elit. Integer posuere turpis nisi, et tempor arcu pharetra id. Morbi gravida magna non volutpat accumsan. Morbi dignissim nunc a massa ultrices finibus. Phasellus nec arcu et augue egestas ultricies. Phasellus ultricies posuere quam in iaculis. Integer dignissim suscipit felis vitae nullam sodales.','https://www.gov.br/cnpq/pt-br/informe-cnpq-indisponibilidade-dos-sistemas'),(2,'Grupo 02','Fulano de tal','Lorem ipsum dolor sit amet, consectetur adipiscing elit. Integer posuere turpis nisi, et tempor arcu pharetra id. Morbi gravida magna non volutpat accumsan. Morbi dignissim nunc a massa ultrices finibus. Phasellus nec arcu et augue egestas ultricies. Phasellus ultricies posuere quam in iaculis. Integer dignissim suscipit felis vitae nullam sodales.','https://www.gov.br/cnpq/pt-br/informe-cnpq-indisponibilidade-dos-sistemas'),(3,'Grupo 03','Fulano de tal','Lorem ipsum dolor sit amet, consectetur adipiscing elit. Integer posuere turpis nisi, et tempor arcu pharetra id. Morbi gravida magna non volutpat accumsan. Morbi dignissim nunc a massa ultrices finibus. Phasellus nec arcu et augue egestas ultricies. Phasellus ultricies posuere quam in iaculis. Integer dignissim suscipit felis vitae nullam sodales.','https://www.gov.br/cnpq/pt-br/informe-cnpq-indisponibilidade-dos-sistemas'),(4,'Grupo 04','Fulano de tal','Lorem ipsum dolor sit amet, consectetur adipiscing elit. Integer posuere turpis nisi, et tempor arcu pharetra id. Morbi gravida magna non volutpat accumsan. Morbi dignissim nunc a massa ultrices finibus. Phasellus nec arcu et augue egestas ultricies. Phasellus ultricies posuere quam in iaculis. Integer dignissim suscipit felis vitae nullam sodales.','https://www.gov.br/cnpq/pt-br/informe-cnpq-indisponibilidade-dos-sistemas'),(5,'Grupo 05','Fulano de tal','Lorem ipsum dolor sit amet, consectetur adipiscing elit. Integer posuere turpis nisi, et tempor arcu pharetra id. Morbi gravida magna non volutpat accumsan. Morbi dignissim nunc a massa ultrices finibus. Phasellus nec arcu et augue egestas ultricies. Phasellus ultricies posuere quam in iaculis. Integer dignissim suscipit felis vitae nullam sodales.','https://www.gov.br/cnpq/pt-br/informe-cnpq-indisponibilidade-dos-sistemas');
/*!40000 ALTER TABLE `grupos_pesquisas` ENABLE KEYS */;
UNLOCK TABLES;

--
-- Table structure for table `laboratorios`
--

DROP TABLE IF EXISTS `laboratorios`;
/*!40101 SET @saved_cs_client     = @@character_set_client */;
/*!40101 SET character_set_client = utf8 */;
CREATE TABLE `laboratorios` (
  `id` bigint(20) unsigned NOT NULL AUTO_INCREMENT,
  `nome` varchar(191) COLLATE utf8mb4_unicode_ci NOT NULL,
  `descricao` text COLLATE utf8mb4_unicode_ci NOT NULL,
  `infraestrutura` text COLLATE utf8mb4_unicode_ci NOT NULL,
  `link` varchar(191) COLLATE utf8mb4_unicode_ci NOT NULL,
  PRIMARY KEY (`id`)
) ENGINE=InnoDB AUTO_INCREMENT=8 DEFAULT CHARSET=utf8mb4 COLLATE=utf8mb4_unicode_ci;
/*!40101 SET character_set_client = @saved_cs_client */;

--
-- Dumping data for table `laboratorios`
--

LOCK TABLES `laboratorios` WRITE;
/*!40000 ALTER TABLE `laboratorios` DISABLE KEYS */;
INSERT INTO `laboratorios` VALUES (1,'Laboratório 01','Lorem ipsum dolor sit amet, consectetur adipiscing elit. Proin nulla erat, efficitur eget tortor ac, luctus dictum tellus. Proin velit lectus, porta ac mattis vel, congue eu justo. Donec nulla diam, fermentum vitae tellus in, pharetra euismod massa. Suspendisse viverra arcu nec ex gravida, eget fringilla diam dapibus. Proin consectetur ornare erat non fringilla. Mauris auctor augue ligula, et aliquet nibh facilisis in. Praesent vel blandit turpis, ac finibus leo. Nunc in nisi vel eros hendrerit rutrum. Praesent non massa sed libero efficitur ultrices. Maecenas iaculis tempus purus sed feugiat. Etiam massa libero, lacinia vel tortor sed, pellentesque bibendum enim. Maecenas tincidunt eu massa vel hendrerit.','Lorem ipsum dolor sit amet, consectetur adipiscing elit. Integer posuere turpis nisi, et tempor arcu pharetra id. Morbi gravida magna non volutpat accumsan. Morbi dignissim nunc a massa ultrices finibus. Phasellus nec arcu et augue egestas ultricies. Phasellus ultricies posuere quam in iaculis. Integer dignissim suscipit felis vitae nullam sodales.','#!'),(2,'Laboratório 02','Lorem ipsum dolor sit amet, consectetur adipiscing elit. Proin nulla erat, efficitur eget tortor ac, luctus dictum tellus. Proin velit lectus, porta ac mattis vel, congue eu justo. Donec nulla diam, fermentum vitae tellus in, pharetra euismod massa. Suspendisse viverra arcu nec ex gravida, eget fringilla diam dapibus. Proin consectetur ornare erat non fringilla. Mauris auctor augue ligula, et aliquet nibh facilisis in. Praesent vel blandit turpis, ac finibus leo. Nunc in nisi vel eros hendrerit rutrum. Praesent non massa sed libero efficitur ultrices. Maecenas iaculis tempus purus sed feugiat. Etiam massa libero, lacinia vel tortor sed, pellentesque bibendum enim. Maecenas tincidunt eu massa vel hendrerit.','Lorem ipsum dolor sit amet, consectetur adipiscing elit. Integer posuere turpis nisi, et tempor arcu pharetra id. Morbi gravida magna non volutpat accumsan. Morbi dignissim nunc a massa ultrices finibus. Phasellus nec arcu et augue egestas ultricies. Phasellus ultricies posuere quam in iaculis. Integer dignissim suscipit felis vitae nullam sodales.','#!'),(3,'Laboratório 03','Lorem ipsum dolor sit amet, consectetur adipiscing elit. Proin nulla erat, efficitur eget tortor ac, luctus dictum tellus. Proin velit lectus, porta ac mattis vel, congue eu justo. Donec nulla diam, fermentum vitae tellus in, pharetra euismod massa. Suspendisse viverra arcu nec ex gravida, eget fringilla diam dapibus. Proin consectetur ornare erat non fringilla. Mauris auctor augue ligula, et aliquet nibh facilisis in. Praesent vel blandit turpis, ac finibus leo. Nunc in nisi vel eros hendrerit rutrum. Praesent non massa sed libero efficitur ultrices. Maecenas iaculis tempus purus sed feugiat. Etiam massa libero, lacinia vel tortor sed, pellentesque bibendum enim. Maecenas tincidunt eu massa vel hendrerit.','Lorem ipsum dolor sit amet, consectetur adipiscing elit. Integer posuere turpis nisi, et tempor arcu pharetra id. Morbi gravida magna non volutpat accumsan. Morbi dignissim nunc a massa ultrices finibus. Phasellus nec arcu et augue egestas ultricies. Phasellus ultricies posuere quam in iaculis. Integer dignissim suscipit felis vitae nullam sodales.','#!'),(4,'Laboratório 04','Lorem ipsum dolor sit amet, consectetur adipiscing elit. Proin nulla erat, efficitur eget tortor ac, luctus dictum tellus. Proin velit lectus, porta ac mattis vel, congue eu justo. Donec nulla diam, fermentum vitae tellus in, pharetra euismod massa. Suspendisse viverra arcu nec ex gravida, eget fringilla diam dapibus. Proin consectetur ornare erat non fringilla. Mauris auctor augue ligula, et aliquet nibh facilisis in. Praesent vel blandit turpis, ac finibus leo. Nunc in nisi vel eros hendrerit rutrum. Praesent non massa sed libero efficitur ultrices. Maecenas iaculis tempus purus sed feugiat. Etiam massa libero, lacinia vel tortor sed, pellentesque bibendum enim. Maecenas tincidunt eu massa vel hendrerit.','Lorem ipsum dolor sit amet, consectetur adipiscing elit. Integer posuere turpis nisi, et tempor arcu pharetra id. Morbi gravida magna non volutpat accumsan. Morbi dignissim nunc a massa ultrices finibus. Phasellus nec arcu et augue egestas ultricies. Phasellus ultricies posuere quam in iaculis. Integer dignissim suscipit felis vitae nullam sodales.','#!'),(5,'Laboratório 05','Lorem ipsum dolor sit amet, consectetur adipiscing elit. Proin nulla erat, efficitur eget tortor ac, luctus dictum tellus. Proin velit lectus, porta ac mattis vel, congue eu justo. Donec nulla diam, fermentum vitae tellus in, pharetra euismod massa. Suspendisse viverra arcu nec ex gravida, eget fringilla diam dapibus. Proin consectetur ornare erat non fringilla. Mauris auctor augue ligula, et aliquet nibh facilisis in. Praesent vel blandit turpis, ac finibus leo. Nunc in nisi vel eros hendrerit rutrum. Praesent non massa sed libero efficitur ultrices. Maecenas iaculis tempus purus sed feugiat. Etiam massa libero, lacinia vel tortor sed, pellentesque bibendum enim. Maecenas tincidunt eu massa vel hendrerit.','Lorem ipsum dolor sit amet, consectetur adipiscing elit. Integer posuere turpis nisi, et tempor arcu pharetra id. Morbi gravida magna non volutpat accumsan. Morbi dignissim nunc a massa ultrices finibus. Phasellus nec arcu et augue egestas ultricies. Phasellus ultricies posuere quam in iaculis. Integer dignissim suscipit felis vitae nullam sodales.','#!'),(6,'Laboratório 06','Lorem ipsum dolor sit amet, consectetur adipiscing elit. Proin nulla erat, efficitur eget tortor ac, luctus dictum tellus. Proin velit lectus, porta ac mattis vel, congue eu justo. Donec nulla diam, fermentum vitae tellus in, pharetra euismod massa. Suspendisse viverra arcu nec ex gravida, eget fringilla diam dapibus. Proin consectetur ornare erat non fringilla. Mauris auctor augue ligula, et aliquet nibh facilisis in. Praesent vel blandit turpis, ac finibus leo. Nunc in nisi vel eros hendrerit rutrum. Praesent non massa sed libero efficitur ultrices. Maecenas iaculis tempus purus sed feugiat. Etiam massa libero, lacinia vel tortor sed, pellentesque bibendum enim. Maecenas tincidunt eu massa vel hendrerit.','Lorem ipsum dolor sit amet, consectetur adipiscing elit. Integer posuere turpis nisi, et tempor arcu pharetra id. Morbi gravida magna non volutpat accumsan. Morbi dignissim nunc a massa ultrices finibus. Phasellus nec arcu et augue egestas ultricies. Phasellus ultricies posuere quam in iaculis. Integer dignissim suscipit felis vitae nullam sodales.','#!'),(7,'Laboratório 07','Lorem ipsum dolor sit amet, consectetur adipiscing elit. Proin nulla erat, efficitur eget tortor ac, luctus dictum tellus. Proin velit lectus, porta ac mattis vel, congue eu justo. Donec nulla diam, fermentum vitae tellus in, pharetra euismod massa. Suspendisse viverra arcu nec ex gravida, eget fringilla diam dapibus. Proin consectetur ornare erat non fringilla. Mauris auctor augue ligula, et aliquet nibh facilisis in. Praesent vel blandit turpis, ac finibus leo. Nunc in nisi vel eros hendrerit rutrum. Praesent non massa sed libero efficitur ultrices. Maecenas iaculis tempus purus sed feugiat. Etiam massa libero, lacinia vel tortor sed, pellentesque bibendum enim. Maecenas tincidunt eu massa vel hendrerit.','Lorem ipsum dolor sit amet, consectetur adipiscing elit. Integer posuere turpis nisi, et tempor arcu pharetra id. Morbi gravida magna non volutpat accumsan. Morbi dignissim nunc a massa ultrices finibus. Phasellus nec arcu et augue egestas ultricies. Phasellus ultricies posuere quam in iaculis. Integer dignissim suscipit felis vitae nullam sodales.','#!');
/*!40000 ALTER TABLE `laboratorios` ENABLE KEYS */;
UNLOCK TABLES;

--
-- Table structure for table `migrations`
--

DROP TABLE IF EXISTS `migrations`;
/*!40101 SET @saved_cs_client     = @@character_set_client */;
/*!40101 SET character_set_client = utf8 */;
CREATE TABLE `migrations` (
  `id` int(10) unsigned NOT NULL AUTO_INCREMENT,
  `migration` varchar(191) COLLATE utf8mb4_unicode_ci NOT NULL,
  `batch` int(11) NOT NULL,
  PRIMARY KEY (`id`)
) ENGINE=InnoDB AUTO_INCREMENT=14 DEFAULT CHARSET=utf8mb4 COLLATE=utf8mb4_unicode_ci;
/*!40101 SET character_set_client = @saved_cs_client */;

--
-- Dumping data for table `migrations`
--

LOCK TABLES `migrations` WRITE;
/*!40000 ALTER TABLE `migrations` DISABLE KEYS */;
INSERT INTO `migrations` VALUES (1,'2021_07_27_123553_create_disciplinas_table',1),(2,'2021_08_04_201144_create_gestao_comissao_bolsas_table',1),(3,'2021_08_04_201313_create_gestao_equipes_table',1),(4,'2021_08_07_190516_create_titulos_table',1),(5,'2021_08_09_182243_create_categorias_table',1),(6,'2021_08_09_182328_create_docentes_table',1),(7,'2021_08_10_144007_create_egressos_table',1),(8,'2021_08_10_144132_create_atuacaos_table',1),(9,'2021_08_10_152539_create_discentes_table',1),(10,'2021_08_10_182329_create_dissertacaos_table',1),(11,'2021_08_15_205441_create_laboratorios_table',1),(12,'2021_08_15_210445_create_grupo_pesquisas_table',1),(13,'2021_08_15_211707_create_acaos_table',1);
/*!40000 ALTER TABLE `migrations` ENABLE KEYS */;
UNLOCK TABLES;

--
-- Table structure for table `titulos`
--

DROP TABLE IF EXISTS `titulos`;
/*!40101 SET @saved_cs_client     = @@character_set_client */;
/*!40101 SET character_set_client = utf8 */;
CREATE TABLE `titulos` (
  `id` bigint(20) unsigned NOT NULL AUTO_INCREMENT,
  `masculino` varchar(191) COLLATE utf8mb4_unicode_ci NOT NULL,
  `masculino_abreviacao` varchar(191) COLLATE utf8mb4_unicode_ci NOT NULL,
  `feminino` varchar(191) COLLATE utf8mb4_unicode_ci NOT NULL,
  `feminino_abreviacao` varchar(191) COLLATE utf8mb4_unicode_ci NOT NULL,
  PRIMARY KEY (`id`)
) ENGINE=InnoDB AUTO_INCREMENT=4 DEFAULT CHARSET=utf8mb4 COLLATE=utf8mb4_unicode_ci;
/*!40101 SET character_set_client = @saved_cs_client */;

--
-- Dumping data for table `titulos`
--

LOCK TABLES `titulos` WRITE;
/*!40000 ALTER TABLE `titulos` DISABLE KEYS */;
INSERT INTO `titulos` VALUES (1,'Bacharel','Bel.','Bacharela','Bela.'),(2,'Mestre','Me.','Mestra','Ma.'),(3,'Doutor','Dr.','Doutora','Dra.');
/*!40000 ALTER TABLE `titulos` ENABLE KEYS */;
UNLOCK TABLES;
/*!40103 SET TIME_ZONE=@OLD_TIME_ZONE */;

/*!40101 SET SQL_MODE=@OLD_SQL_MODE */;
/*!40014 SET FOREIGN_KEY_CHECKS=@OLD_FOREIGN_KEY_CHECKS */;
/*!40014 SET UNIQUE_CHECKS=@OLD_UNIQUE_CHECKS */;
/*!40101 SET CHARACTER_SET_CLIENT=@OLD_CHARACTER_SET_CLIENT */;
/*!40101 SET CHARACTER_SET_RESULTS=@OLD_CHARACTER_SET_RESULTS */;
/*!40101 SET COLLATION_CONNECTION=@OLD_COLLATION_CONNECTION */;
/*!40111 SET SQL_NOTES=@OLD_SQL_NOTES */;

-- Dump completed on 2023-02-23 22:18:54
